#
# A fatal error has been detected by the Java Runtime Environment:
#
#  SIGSEGV (0xb) at pc=0x0000000111b2cc83, pid=10150, tid=45571
#
# JRE version: OpenJDK Runtime Environment Homebrew (23.0.2) (build 23.0.2)
# Java VM: OpenJDK 64-Bit Server VM Homebrew (23.0.2, mixed mode, sharing, tiered, compressed oops, compressed class ptrs, g1 gc, bsd-amd64)
# Problematic frame:
# V  [libjvm.dylib+0x37cc83]  G1ConcurrentMark::mark_in_bitmap(unsigned int, oopDesc*)+0x3f
#
# No core dump will be written. Core dumps have been disabled. To enable core dumping, try "ulimit -c unlimited" before starting Java again
#
# If you would like to submit a bug report, please visit:
#   https://github.com/Homebrew/homebrew-core/issues
#

---------------  S U M M A R Y ------------

Command Line: --add-opens=java.base/java.lang=ALL-UNNAMED --add-opens=java.base/java.lang.invoke=ALL-UNNAMED --add-opens=java.base/java.util=ALL-UNNAMED --add-opens=java.prefs/java.util.prefs=ALL-UNNAMED --add-exports=jdk.compiler/com.sun.tools.javac.api=ALL-UNNAMED --add-exports=jdk.compiler/com.sun.tools.javac.util=ALL-UNNAMED --add-opens=java.base/java.util=ALL-UNNAMED --add-opens=java.prefs/java.util.prefs=ALL-UNNAMED --add-opens=java.base/java.nio.charset=ALL-UNNAMED --add-opens=java.base/java.net=ALL-UNNAMED --add-opens=java.base/java.util.concurrent.atomic=ALL-UNNAMED --add-opens=java.xml/javax.xml.namespace=ALL-UNNAMED -XX:MaxMetaspaceSize=512m -Xmx4096m -Dfile.encoding=UTF-8 -Duser.country=IN -Duser.language=en -Duser.variant -javaagent:/Users/user/.gradle/wrapper/dists/gradle-8.12-all/ejduaidbjup3bmmkhw3rie4zb/gradle-8.12/lib/agents/gradle-instrumentation-agent-8.12.jar org.gradle.launcher.daemon.bootstrap.GradleDaemon 8.12

Host: "MacBookPro16,1" x86_64 2300 MHz, 16 cores, 16G, Darwin 25.2.0, macOS 26.2 (25C56)
Time: Fri Jul 10 22:47:25 2026 IST elapsed time: 95.314758 seconds (0d 0h 1m 35s)

---------------  T H R E A D  ---------------

Current thread (0x00007fbe4c588cb0):  WorkerThread "G1 Conc#2"      [id=45571, stack(0x0000700003468000,0x0000700003568000) (1024K)]

Stack: [0x0000700003468000,0x0000700003568000],  sp=0x0000700003567cb0,  free space=1023k
Native frames: (J=compiled Java code, j=interpreted, Vv=VM code, C=native code)
V  [libjvm.dylib+0x37cc83]  G1ConcurrentMark::mark_in_bitmap(unsigned int, oopDesc*)+0x3f
V  [libjvm.dylib+0x37cb2c]  G1CMTask::make_reference_grey(oopDesc*)+0x20
V  [libjvm.dylib+0x37cab4]  void OopOopIterateDispatch<G1CMOopClosure>::Table::oop_oop_iterate<InstanceKlass, narrowOop>(G1CMOopClosure*, oopDesc*, Klass*)+0x80
V  [libjvm.dylib+0x34de3f]  void G1CMTask::process_grey_task_entry<true>(G1TaskQueueEntry)+0x16f
V  [libjvm.dylib+0x3488d5]  G1CMBitMapClosure::do_addr(HeapWordImpl**)+0x1d
V  [libjvm.dylib+0x34d359]  G1CMBitMap::iterate(G1CMBitMapClosure*, MemRegion)+0xe7
V  [libjvm.dylib+0x34ce3a]  G1CMTask::do_marking_step(double, bool, bool)+0x2aa
V  [libjvm.dylib+0x34e2dd]  G1CMConcurrentMarkingTask::work(unsigned int)+0xb3
V  [libjvm.dylib+0x8a55cc]  WorkerTaskDispatcher::worker_run_task()+0x4c
V  [libjvm.dylib+0x8a598b]  WorkerThread::run()+0x1f
V  [libjvm.dylib+0x817789]  Thread::call_run()+0x71
V  [libjvm.dylib+0x68ff98]  thread_native_entry(Thread*)+0xc1
C  [libsystem_pthread.dylib+0x5e4d]  _pthread_start+0x73
C  [libsystem_pthread.dylib+0x1857]  thread_start+0xf

siginfo: si_signo: 11 (SIGSEGV), si_code: 1 (SEGV_MAPERR), si_addr: 0x00007fc649ff8c00

Registers:
RAX=0x00000000ffffc840, RBX=0x0000000008000000, RCX=0x00007fbe4a014a00, RDX=0x0000000700000000
RSP=0x0000700003567cb0, RBP=0x0000700003567cd0, RSI=0x0000000000000000, RDI=0x00007fbe4a008200
R8 =0x0000000000000003, R9 =0x00007fbe4c105888, R10=0x0000000000000003, R11=0x00000000000000ba
R12=0x00000001122c4130, R13=0x00000001330927b8, R14=0x0000000008000000, R15=0x00007fbe45607480
RIP=0x0000000111b2cc83, EFLAGS=0x0000000000010a02, ERR=0x0000000000000004
  TRAPNO=0x000000000000000e


Register to memory mapping:

RAX=0x00000000ffffc840 is an unknown value
RBX=0x0000000008000000 is an unknown value
RCX=0x00007fbe4a014a00 points into unknown readable memory: 0x0000000700200000 | 00 00 20 00 07 00 00 00
RDX=0x0000000700000000 is an oop: [B 
{0x0000000700000000} - klass: {type array byte}
 - length: 3127526
 -   0: 50 P
 -   1: 4b K
 -   2: 1  
 -   3: 2  
 -   4: 14  
 -   5: 3  
 -   6: a  
 -   7: 0  
 -   8: 0  
 -   9: 8  
 -  10: 8  
 -  11: 0  
 -  12: 0  
 -  13: 0  
 -  14: 41 A
 -  15: 0  
 -  16: 0  
 -  17: 0  
 -  18: 0  
 -  19: 0  
 -  20: 2  
 -  21: 0  
 -  22: 0  
 -  23: 0  
 -  24: 0  
 -  25: 0  
 -  26: 0  
 -  27: 0  
 -  28: 9  
 -  29: 0  
 -  30: 0  
 -  31: 0  
 -  32: 0  
 -  33: 0  
 -  34: 0  
 -  35: 0  
 -  36: 0  
 -  37: 0  
 -  38: 10  
 -  39: 0  
 -  40: ffffffed  
 -  41: 41 A
 -  42: 0  
 -  43: 0  
 -  44: 0  
 -  45: 0  
 -  46: 4d M
 -  47: 45 E
 -  48: 54 T
 -  49: 41 A
 -  50: 2d -
 -  51: 49 I
 -  52: 4e N
 -  53: 46 F
 -  54: 2f /
 -  55: 50 P
 -  56: 4b K
 -  57: 1  
 -  58: 2  
 -  59: 14  
 -  60: 3  
 -  61: a  
 -  62: 0  
 -  63: 0  
 -  64: 8  
 -  65: 8  
 -  66: 0  
 -  67: 0  
 -  68: 0  
 -  69: 41 A
 -  70: 0  
 -  71: ffffffba  
 -  72: ffffff94  
 -  73: 5d ]
 -  74: 4c L
 -  75: 70 p
 -  76: 0  
 -  77: 0  
 -  78: 0  
 -  79: ffffff99  
 -  80: 0  
 -  81: 0  
 -  82: 0  
 -  83: 14  
 -  84: 0  
 -  85: 0  
 -  86: 0  
 -  87: 0  
 -  88: 0  
 -  89: 0  
 -  90: 0  
 -  91: 0  
 -  92: 0  
 -  93: 0  
 -  94: 0  
 -  95: ffffffa4  
 -  96: ffffff81  
 -  97: 29 )
 -  98: 0  
 -  99: 0  
 - 100: 0  
 - 101: 4d M
 - 102: 45 E
 - 103: 54 T
 - 104: 41 A
 - 105: 2d -
 - 106: 49 I
 - 107: 4e N
 - 108: 46 F
 - 109: 2f /
 - 110: 4d M
 - 111: 41 A
 - 112: 4e N
 - 113: 49 I
 - 114: 46 F
 - 115: 45 E
 - 116: 53 S
 - 117: 54 T
 - 118: 2e .
 - 119: 4d M
 - 120: 46 F
 - 121: 50 P
 - 122: 4b K
 - 123: 1  
 - 124: 2  
 - 125: 14  
 - 126: 0  
 - 127: a  
 - 128: 0  
 - 129: 0  
 - 130: 8  
 - 131: 8  
 - 132: 0  
 - 133: 0  
 - 134: 0  
 - 135: 41 A
 - 136: 0  
 - 137: 3b ;
 - 138: f  
 - 139: ffffff88  
 - 140: ffffffa3  
 - 141: 7e ~
 - 142: 0  
 - 143: 0  
 - 144: 0  
 - 145: ffffffad  
 - 146: 0  
 - 147: 0  
 - 148: 0  
 - 149: 25 %
 - 150: 0  
 - 151: 0  
 - 152: 0  
 - 153: 0  
 - 154: 0  
 - 155: 0  
 - 156: 0  
 - 157: 0  
 - 158: 0  
 - 159: 0  
 - 160: 0  
 - 161: 0  
 - 162: 0  
 - 163: ffffffcb  
 - 164: 0  
 - 165: 0  
 - 166: 0  
 - 167: 4d M
 - 168: 45 E
 - 169: 54 T
 - 170: 41 A
 - 171: 2d -
 - 172: 49 I
 - 173: 4e N
 - 174: 46 F
 - 175: 2f /
 - 176: 62 b
 - 177: 61 a
 - 178: 63 c
 - 179: 6b k
 - 180: 65 e
 - 181: 6e n
 - 182: 64 d
 - 183: 2d -
 - 184: 63 c
 - 185: 6f o
 - 186: 6d m
 - 187: 6d m
 - 188: 6f o
 - 189: 6e n
 - 190: 2e .
 - 191: 6b k
 - 192: 6f o
 - 193: 74 t
 - 194: 6c l
 - 195: 69 i
 - 196: 6e n
 - 197: 5f _
 - 198: 6d m
 - 199: 6f o
 - 200: 64 d
 - 201: 75 u
 - 202: 6c l
 - 203: 65 e
 - 204: 50 P
 - 205: 4b K
 - 206: 1  
 - 207: 2  
 - 208: 14  
 - 209: 0  
 - 210: a  
 - 211: 0  
 - 212: 0  
 - 213: 8  
 - 214: 8  
 - 215: 0  
 - 216: 0  
 - 217: 0  
 - 218: 41 A
 - 219: 0  
 - 220: 1  
 - 221: 0  
 - 222: ffffff92  
 - 223: 55 U
 - 224: ffffffcb  
 - 225: 0  
 - 226: 0  
 - 227: 0  
 - 228: 38 8
 - 229: 1  
 - 230: 0  
 - 231: 0  
 - 232: 29 )
 - 233: 0  
 - 234: 0  
 - 235: 0  
 - 236: 0  
 - 237: 0  
 - 238: 0  
 - 239: 0  
 - 240: 0  
 - 241: 0  
 - 242: 0  
 - 243: 0  
 - 244: 0  
 - 245: 0  
 - 246: ffffff8c  
 - 247: 1  
 - 248: 0  
 - 249: 0  
 - 250: 4d M
 - 251: 45 E
 - 252: 54 T
 - 253: 41 A
 - 254: 2d -
 - 255: 49 I
 - <3127270 more elements, increase MaxElementPrintSize to print>
RSP=0x0000700003567cb0 points into unknown readable memory: 0x00000007174a91bc | bc 91 4a 17 07 00 00 00
RBP=0x0000700003567cd0 points into unknown readable memory: 0x0000700003567d00 | 00 7d 56 03 00 70 00 00
RSI=0x0 is null
RDI=0x00007fbe4a008200 points into unknown readable memory: 0x00007fbe483048b0 | b0 48 30 48 be 7f 00 00
R8 =0x0000000000000003 is an unknown value
R9 =0x00007fbe4c105888 points into unknown readable memory: 0x0000000000000003 | 03 00 00 00 00 00 00 00
R10=0x0000000000000003 is an unknown value
R11=0x00000000000000ba is an unknown value
R12=0x00000001122c4130: _ZN12G1HeapRegion17LogOfHRGrainBytesE+0 in /usr/local/Cellar/openjdk/23.0.2/libexec/openjdk.jdk/Contents/Home/lib/server/libjvm.dylib at 0x00000001117b0000
R13=0x00000001330927b8 is a pointer to class: 
org.gradle.api.internal.provider.PropertyHost {0x00000001330927b8}
 - instance size:     2
 - klass size:        64
 - access:            public interface abstract 
 - flags:             rewritten should_verify_class has_localvariable_table has_resolved_methods 
 - state:             fully_initialized
 - name:              'org/gradle/api/internal/provider/PropertyHost'
 - super:             'java/lang/Object'
 - sub:               
 - nof implementors:  2
 - arrays:            null
 - methods:           Array<T>(0x000000014d54fbe8)
 - method ordering:   Array<T>(0x00000001326f2738)
 - local interfaces:  Array<T>(0x0000000132676ed8)
 - trans. interfaces: Array<T>(0x0000000132676ed8)
 - secondary supers: Array<T>(0x0000000132676ec0)
 - hash_slot:         6
 - bitmap:            0x0000000000000000
 - constants:         constant pool [58]/operands[7] {0x000000014d54f988} for 'org/gradle/api/internal/provider/PropertyHost' cache=0x000000014da92af8
 - class loader data:  loader data: 0x00007fbe4c105860 for instance a 'org/gradle/internal/classloader/VisitableURLClassLoader'{0x00000007005a4270}
 - source file:       'PropertyHost.java'
 - class annotations:       Array<T>(0x000000014d54fe30)
 - inner classes:     Array<T>(0x000000014d54fe48)
 - nest members:     Array<T>(0x0000000132676ed0)
 - permitted subclasses:     Array<T>(0x0000000132676ed0)
 - java mirror:       a 'java/lang/Class'{0x0000000700a500e8} = 'org/gradle/api/internal/provider/PropertyHost'
 - vtable length      5  (start addr: 0x0000000133092988)
 - itable length      0 (start addr: 0x00000001330929b0)
 - ---- static fields (1 words):
 - public static final 'NO_OP' 'Lorg/gradle/api/internal/provider/PropertyHost;' @112 
 - ---- non-static fields (0 words):
 - non-static oop maps: 
R14=0x0000000008000000 is an unknown value
R15=0x00007fbe45607480 points into unknown readable memory: 0x0000000112266a38 | 38 6a 26 12 01 00 00 00

Top of Stack: (sp=0x0000700003567cb0)
0x0000700003567cb0:   00000007174a91bc 00000001330927b0
0x0000700003567cc0:   0000000008000000 00007fbe45607480
0x0000700003567cd0:   0000700003567d00 0000000111b2cb2c
0x0000700003567ce0:   0000000112295420 00000007174a91bc
0x0000700003567cf0:   0000700003567e08 00000007174a91b0
0x0000700003567d00:   0000700003567d40 0000000111b2cab4
0x0000700003567d10:   00000007174a9198 00007fbe45607480
0x0000700003567d20:   00000001330923e0 0000000000000005
0x0000700003567d30:   00000007174a9198 0000700003567e08
0x0000700003567d40:   0000700003567d80 0000000111afde3f
0x0000700003567d50:   00007fbe45607480 0000700003567e50
0x0000700003567d60:   0000000000000000 0000000002e95233
0x0000700003567d70:   0000000002ec0000 00000007174a9198
0x0000700003567d80:   0000700003567da0 0000000111af88d5
0x0000700003567d90:   0000000000000000 00007fbe4a008210
0x0000700003567da0:   0000700003567df0 0000000111afd359
0x0000700003567db0:   0000700003567dc0 0000700003567e50
0x0000700003567dc0:   00000000000bb000 00007fbe45607480
0x0000700003567dd0:   0000000000000001 0000700003567e50
0x0000700003567de0:   00007fbe45607508 0000000000000001
0x0000700003567df0:   0000700003567ea0 0000000111afce3a
0x0000700003567e00:   0000700003567e30 00000001122669e8
0x0000700003567e10:   00007fbe4830ddc0 0000000100000003
0x0000700003567e20:   00007fbe46016600 00007fbe45607480
0x0000700003567e30:   4024000000000000 3fda440de3481a06
0x0000700003567e40:   3fe0000000000000 00007fbe456075b0
0x0000700003567e50:   00007fbe4a008200 00007fbe45607480
0x0000700003567e60:   000000011231a330 00000000006dad00
0x0000700003567e70:   40222cf200000001 00007fbe4c589050
0x0000700003567e80:   00000001122d9098 0000000112297f48
0x0000700003567e90:   00007000006dad00 00007fbe45607480
0x0000700003567ea0:   0000700003567f10 0000000111afe2dd 

Instructions: (pc=0x0000000111b2cc83)
0x0000000111b2cb83:   e0 48 8d 0d ed f1 78 00 48 03 01 eb 04 49 8b 46
0x0000000111b2cb93:   08 83 78 0c 05 75 2a 49 8b 87 a0 00 00 00 49 3b
0x0000000111b2cba3:   87 a8 00 00 00 73 10 49 8b 87 b8 00 00 00 49 3b
0x0000000111b2cbb3:   87 c0 00 00 00 72 7c 4c 89 ff e8 ae fb fc ff eb
0x0000000111b2cbc3:   72 49 8b 47 30 8b 88 80 00 00 00 8b 90 00 01 00
0x0000000111b2cbd3:   00 89 ce 29 d6 f7 d6 f7 c6 fe ff 01 00 75 3b 4c
0x0000000111b2cbe3:   89 ff e8 10 fc fc ff 49 8b 47 30 8b 88 80 00 00
0x0000000111b2cbf3:   00 8b 90 00 01 00 00 89 ce 29 d6 f7 d6 f7 c6 fe
0x0000000111b2cc03:   ff 01 00 74 2e 48 8b 90 80 01 00 00 4c 89 34 ca
0x0000000111b2cc13:   ff c1 81 e1 ff ff 01 00 eb 13 48 8b 90 80 01 00
0x0000000111b2cc23:   00 4c 89 34 ca ff c1 81 e1 ff ff 01 00 89 88 80
0x0000000111b2cc33:   00 00 00 89 d8 48 83 c4 08 5b 41 5e 41 5f 5d c3
0x0000000111b2cc43:   90 55 48 89 e5 41 57 41 56 41 54 53 48 89 d3 48
0x0000000111b2cc53:   8b 47 08 48 8b 90 08 02 00 00 8a 88 10 02 00 00
0x0000000111b2cc63:   48 d3 e2 48 89 d8 48 29 d0 4c 8d 25 bd 74 79 00
0x0000000111b2cc73:   41 8a 0c 24 48 d3 e8 48 8b 8f 50 06 00 00 89 c0
0x0000000111b2cc83:   48 8b 04 c1 48 39 d8 0f 86 84 00 00 00 41 89 f6
0x0000000111b2cc93:   49 89 ff 48 83 c7 10 49 8b 47 10 48 89 de ff 10
0x0000000111b2cca3:   48 89 d8 49 2b 47 18 48 c1 e8 03 41 8a 4f 28 48
0x0000000111b2ccb3:   d3 e8 49 8b 77 30 48 89 c7 ba 01 00 00 00 89 c1
0x0000000111b2ccc3:   48 d3 e2 48 c1 ef 06 48 8d 34 fe 48 8b 0e 48 89
0x0000000111b2ccd3:   cf 48 09 d7 48 39 cf 74 38 48 89 c8 f0 48 0f b1
0x0000000111b2cce3:   3e 48 39 c8 48 89 c1 75 e5 48 8d 05 95 aa 76 00
0x0000000111b2ccf3:   8a 00 84 c0 74 22 8b 7b 08 48 8d 0d 7d f0 78 00
0x0000000111b2cd03:   8a 09 48 d3 e7 48 8d 0d 69 f0 78 00 48 03 39 eb
0x0000000111b2cd13:   0b 31 c0 e9 98 00 00 00 48 8b 7b 08 8b 57 08 85
0x0000000111b2cd23:   d2 7e 0a f6 c2 01 75 09 c1 ea 03 eb 4a 85 d2 78
0x0000000111b2cd33:   11 48 8b 07 48 89 de ff 90 00 01 00 00 48 89 c2
0x0000000111b2cd43:   eb 35 31 c9 84 c0 0f 94 c1 48 63 44 8b 0c 89 d1
0x0000000111b2cd53:   48 d3 e0 c1 ea 10 0f b6 ca 48 01 c1 48 8d 05 72
0x0000000111b2cd63:   a8 76 00 48 63 00 48 8d 4c 08 ff f7 d8 48 63 d0
0x0000000111b2cd73:   48 21 ca 48 c1 ea 03 49 8b 87 50 03 00 00 44 89 


Stack slot to memory mapping:

stack at sp + 0 slots: 0x00000007174a91bc is pointing into object: org.gradle.api.tasks.util.PatternSet 
{0x00000007174a9198} - klass: 'org/gradle/api/tasks/util/PatternSet'
 - ---- fields (total size 5 words):
 - private 'caseSensitive' 'Z' @12  true (0x01)
 - private final 'patternSpecFactory' 'Lorg/gradle/api/tasks/util/internal/PatternSpecFactory;' @16  a 'org/gradle/api/tasks/util/internal/PatternSpecFactory'{0x0000000700a38d18} (0xe01471a3)
 - private 'includes' 'Ljava/util/Set;' @20  null (0x00000000)
 - private 'excludes' 'Ljava/util/Set;' @24  
[error occurred during error reporting (inspecting top of stack), id 0xb, SIGSEGV (0xb) at pc=0x0000000111e32e03]
stack at sp + 1 slots: 0x00000001330927b0 is pointing into metadata
stack at sp + 2 slots: 0x0000000008000000 is an unknown value
stack at sp + 3 slots: 0x00007fbe45607480 points into unknown readable memory: 0x0000000112266a38 | 38 6a 26 12 01 00 00 00
stack at sp + 4 slots: 0x0000700003567d00 points into unknown readable memory: 0x0000700003567d40 | 40 7d 56 03 00 70 00 00
stack at sp + 5 slots: 0x0000000111b2cb2c: _ZN8G1CMTask19make_reference_greyEP7oopDesc+0x20 in /usr/local/Cellar/openjdk/23.0.2/libexec/openjdk.jdk/Contents/Home/lib/server/libjvm.dylib at 0x00000001117b0000
stack at sp + 6 slots: 0x0000000112295420: _ZN14CompressedOops11_narrow_oopE+0 in /usr/local/Cellar/openjdk/23.0.2/libexec/openjdk.jdk/Contents/Home/lib/server/libjvm.dylib at 0x00000001117b0000
stack at sp + 7 slots: 0x00000007174a91bc is pointing into object: org.gradle.api.tasks.util.PatternSet 
{0x00000007174a9198} - klass: 'org/gradle/api/tasks/util/PatternSet'
 - ---- fields (total size 5 words):
 - private 'caseSensitive' 'Z' @12  true (0x01)
 - private final 'patternSpecFactory' 'Lorg/gradle/api/tasks/util/internal/PatternSpecFactory;' @16  a 'org/gradle/api/tasks/util/internal/PatternSpecFactory'{0x0000000700a38d18} (0xe01471a3)
 - private 'includes' 'Ljava/util/Set;' @20  null (0x00000000)
 - private 'excludes' 'Ljava/util/Set;' @24  
[error occurred during error reporting (inspecting top of stack, attempt 2), id 0xb, SIGSEGV (0xb) at pc=0x0000000111e32e03]


---------------  P R O C E S S  ---------------

Threads class SMR info:
_java_thread_list=0x00007fbe48231db0, length=253, elements={
0x00007fbe46009800, 0x00007fbe44818c00, 0x00007fbe4a029600, 0x00007fbe4480b000,
0x00007fbe46008800, 0x00007fbe4d80a400, 0x00007fbe44811000, 0x00007fbe4a029e00,
0x00007fbe4d80ac00, 0x00007fbe4a07e800, 0x00007fbe468c5000, 0x00007fbe4d874800,
0x00007fbe4a12ca00, 0x00007fbe4e880c00, 0x00007fbe47925c00, 0x00007fbe47a04a00,
0x00007fbe4e0cd200, 0x00007fbe4baa7800, 0x00007fbe47a0a600, 0x00007fbe4f190200,
0x00007fbe46846c00, 0x00007fbe4baa4c00, 0x00007fbe4d8c6800, 0x00007fbe4bae7e00,
0x00007fbe4e8be400, 0x00007fbe4cce9000, 0x00007fbe45ab6a00, 0x00007fbe4e889400,
0x00007fbe47a67e00, 0x00007fbe4ea60c00, 0x00007fbe47b59e00, 0x00007fbe4b00ba00,
0x00007fbe47926c00, 0x00007fbe4b834200, 0x00007fbe4da90400, 0x00007fbe4e31d600,
0x00007fbe45ae5600, 0x00007fbe4bb65c00, 0x00007fbe47302800, 0x00007fbe47311a00,
0x00007fbe4580ca00, 0x00007fbe4a275a00, 0x00007fbe4792f600, 0x00007fbe4699b200,
0x00007fbe47930400, 0x00007fbe4f1fc200, 0x00007fbe4a273600, 0x00007fbe4dba4600,
0x00007fbe46307400, 0x00007fbe47b9be00, 0x00007fbe4e317800, 0x00007fbe4881ec00,
0x00007fbe4699ba00, 0x00007fbe4e307a00, 0x00007fbe4d113200, 0x00007fbe4699c200,
0x00007fbe4d22e200, 0x00007fbe4bb46e00, 0x00007fbe44de6200, 0x00007fbe46307c00,
0x00007fbe471f0200, 0x00007fbe4699da00, 0x00007fbe4699e200, 0x00007fbe4f1fd200,
0x00007fbe4889d200, 0x00007fbe471f0a00, 0x00007fbe4630be00, 0x00007fbe4d22ea00,
0x00007fbe44de7e00, 0x00007fbe44d29600, 0x00007fbe472fa400, 0x00007fbe4d90ba00,
0x00007fbe4db9e800, 0x00007fbe47a91400, 0x00007fbe44d27600, 0x00007fbe4e87f600,
0x00007fbe4e528400, 0x00007fbe4bba8000, 0x00007fbe47a91c00, 0x00007fbe4db9f000,
0x00007fbe4f222400, 0x00007fbe4a328000, 0x00007fbe4a32ca00, 0x00007fbe4686a000,
0x00007fbe4e529400, 0x00007fbe4dbe6400, 0x00007fbe46056a00, 0x00007fbe44b54000,
0x00007fbe46420400, 0x00007fbe47e20800, 0x00007fbe4bcd9400, 0x00007fbe45b45200,
0x00007fbe45aaa000, 0x00007fbe47144a00, 0x00007fbe47321600, 0x00007fbe463e5000,
0x00007fbe4b467c00, 0x00007fbe45b43a00, 0x00007fbe4b468400, 0x00007fbe4c874a00,
0x00007fbe4e1aa200, 0x00007fbe44b77400, 0x00007fbe4a204000, 0x00007fbe47321e00,
0x00007fbe47143c00, 0x00007fbe4bcdf600, 0x00007fbe46313a00, 0x00007fbe4d1b7200,
0x00007fbe4e88e000, 0x00007fbe47a8ea00, 0x00007fbe47e21000, 0x00007fbe4d18f400,
0x00007fbe4890e800, 0x00007fbe4bb8f200, 0x00007fbe44c9f400, 0x00007fbe4dab3e00,
0x00007fbe4e88d600, 0x00007fbe4cc34400, 0x00007fbe4daa2c00, 0x00007fbe4dba7600,
0x00007fbe44c9fc00, 0x00007fbe462eac00, 0x00007fbe45838400, 0x00007fbe462eb400,
0x00007fbe47f74800, 0x00007fbe4bcdbc00, 0x00007fbe4897f000, 0x00007fbe4bcdc400,
0x00007fbe4dba8c00, 0x00007fbe4b64fc00, 0x00007fbe4dba9400, 0x00007fbe4b64d600,
0x00007fbe4a322800, 0x00007fbe4d072200, 0x00007fbe4b64e800, 0x00007fbe473e6a00,
0x00007fbe4897fe00, 0x00007fbe4e1aaa00, 0x00007fbe4e1ab200, 0x00007fbe473e7800,
0x00007fbe44c56e00, 0x00007fbe473a8200, 0x00007fbe4bbdbc00, 0x00007fbe4f29c800,
0x00007fbe47fb9e00, 0x00007fbe4bbdcc00, 0x00007fbe4a365e00, 0x00007fbe4f29d000,
0x00007fbe4d072a00, 0x00007fbe46312600, 0x00007fbe46424e00, 0x00007fbe4c9c8200,
0x00007fbe4d954600, 0x00007fbe4e37de00, 0x00007fbe4ea4a200, 0x00007fbe45b43000,
0x00007fbe4ea50600, 0x00007fbe45b01c00, 0x00007fbe4c86a200, 0x00007fbe4d070200,
0x00007fbe48980600, 0x00007fbe4d070a00, 0x00007fbe4cb51200, 0x00007fbe4e32b200,
0x00007fbe462c8000, 0x00007fbe4d956e00, 0x00007fbe4e2f8800, 0x00007fbe4f29fc00,
0x00007fbe47fbb400, 0x00007fbe47484400, 0x00007fbe4a2a1400, 0x00007fbe4a324400,
0x00007fbe4654e600, 0x00007fbe4654f400, 0x00007fbe47fbbc00, 0x00007fbe462c6e00,
0x00007fbe4a448200, 0x00007fbe47484c00, 0x00007fbe489a2a00, 0x00007fbe4e2f9000,
0x00007fbe462c4c00, 0x00007fbe4bc06800, 0x00007fbe4a446000, 0x00007fbe4bcdcc00,
0x00007fbe4bcdd400, 0x00007fbe45cab400, 0x00007fbe462c5c00, 0x00007fbe4dafe000,
0x00007fbe47399c00, 0x00007fbe4ea50e00, 0x00007fbe46b55a00, 0x00007fbe4dae3800,
0x00007fbe449e3200, 0x00007fbe4ca3ee00, 0x00007fbe4b7a2600, 0x00007fbe4ea5ee00,
0x00007fbe4f020800, 0x00007fbe4f021000, 0x00007fbe4f021800, 0x00007fbe489a4a00,
0x00007fbe47399400, 0x00007fbe449ea400, 0x00007fbe4e8efe00, 0x00007fbe4a452c00,
0x00007fbe46b5ba00, 0x00007fbe4d329400, 0x00007fbe4a29da00, 0x00007fbe4a453c00,
0x00007fbe489ec600, 0x00007fbe4daff800, 0x00007fbe4a2a0400, 0x00007fbe4b7d4000,
0x00007fbe4e4fc000, 0x00007fbe465fdc00, 0x00007fbe4d32b400, 0x00007fbe4d1ee000,
0x00007fbe45e45800, 0x00007fbe489a5200, 0x00007fbe4e8f2c00, 0x00007fbe465fc800,
0x00007fbe44ced600, 0x00007fbe46b73e00, 0x00007fbe47a21800, 0x00007fbe46b74600,
0x00007fbe4e4fc800, 0x00007fbe45e46000, 0x00007fbe45e4ae00, 0x00007fbe4d1ee800,
0x00007fbe45eb4800, 0x00007fbe4a3f6400, 0x00007fbe45e4e400, 0x00007fbe45eb5000,
0x00007fbe4a453400, 0x00007fbe46601800, 0x00007fbe4d1ef000, 0x00007fbe4f024000,
0x00007fbe4a1da800, 0x00007fbe4a3f6c00, 0x00007fbe4633aa00, 0x00007fbe45b04e00,
0x00007fbe4bce6800, 0x00007fbe44b08200, 0x00007fbe489f6a00, 0x00007fbe44f87a00,
0x00007fbe47a05200, 0x00007fbe472c8c00, 0x00007fbe4b60c600, 0x00007fbe45de9000,
0x00007fbe46260200, 0x00007fbe4698a400, 0x00007fbe463d1600, 0x00007fbe34edbc00,
0x00007fbe4d3be600
}

Java Threads: ( => current thread )
  0x00007fbe46009800 JavaThread "main"                              [_thread_blocked, id=8963, stack(0x00007000003d5000,0x00007000004d5000) (1024K)]
  0x00007fbe44818c00 JavaThread "Reference Handler"          daemon [_thread_blocked, id=28931, stack(0x0000700000cf3000,0x0000700000df3000) (1024K)]
  0x00007fbe4a029600 JavaThread "Finalizer"                  daemon [_thread_blocked, id=24323, stack(0x0000700000df6000,0x0000700000ef6000) (1024K)]
  0x00007fbe4480b000 JavaThread "Signal Dispatcher"          daemon [_thread_blocked, id=24579, stack(0x0000700000ef9000,0x0000700000ff9000) (1024K)]
  0x00007fbe46008800 JavaThread "Service Thread"             daemon [_thread_blocked, id=28163, stack(0x0000700000ffc000,0x00007000010fc000) (1024K)]
  0x00007fbe4d80a400 JavaThread "Monitor Deflation Thread"   daemon [_thread_blocked, id=25347, stack(0x00007000010ff000,0x00007000011ff000) (1024K)]
  0x00007fbe44811000 JavaThread "C2 CompilerThread0"         daemon [_thread_in_native, id=27907, stack(0x0000700001202000,0x0000700001302000) (1024K)]
  0x00007fbe4a029e00 JavaThread "C1 CompilerThread0"         daemon [_thread_blocked, id=26115, stack(0x0000700001305000,0x0000700001405000) (1024K)]
  0x00007fbe4d80ac00 JavaThread "Common-Cleaner"             daemon [_thread_blocked, id=27395, stack(0x0000700001408000,0x0000700001508000) (1024K)]
  0x00007fbe4a07e800 JavaThread "Notification Thread"        daemon [_thread_blocked, id=43267, stack(0x0000700001711000,0x0000700001811000) (1024K)]
  0x00007fbe468c5000 JavaThread "Daemon health stats"               [_thread_blocked, id=34563, stack(0x0000700001f29000,0x0000700002029000) (1024K)]
  0x00007fbe4d874800 JavaThread "Incoming local TCP Connector on port 50099"        [_thread_in_native, id=35075, stack(0x000070000202c000,0x000070000212c000) (1024K)]
  0x00007fbe4a12ca00 JavaThread "Daemon periodic checks"            [_thread_blocked, id=40451, stack(0x000070000212f000,0x000070000222f000) (1024K)]
  0x00007fbe4e880c00 JavaThread "Daemon"                            [_thread_blocked, id=35331, stack(0x0000700002232000,0x0000700002332000) (1024K)]
  0x00007fbe47925c00 JavaThread "Handler for socket connection from /127.0.0.1:50099 to /127.0.0.1:50100"        [_thread_in_native, id=39939, stack(0x0000700002335000,0x0000700002435000) (1024K)]
  0x00007fbe47a04a00 JavaThread "Cancel handler"                    [_thread_blocked, id=35843, stack(0x0000700002438000,0x0000700002538000) (1024K)]
  0x00007fbe4e0cd200 JavaThread "Daemon worker"                     [_thread_blocked, id=39427, stack(0x000070000253b000,0x000070000263b000) (1024K)]
  0x00007fbe4baa7800 JavaThread "Asynchronous log dispatcher for DefaultDaemonConnection: socket connection from /127.0.0.1:50099 to /127.0.0.1:50100"        [_thread_blocked, id=38915, stack(0x000070000263e000,0x000070000273e000) (1024K)]
  0x00007fbe47a0a600 JavaThread "Stdin handler"                     [_thread_blocked, id=36611, stack(0x0000700002741000,0x0000700002841000) (1024K)]
  0x00007fbe4f190200 JavaThread "Daemon client event forwarder"        [_thread_blocked, id=38403, stack(0x0000700002844000,0x0000700002944000) (1024K)]
  0x00007fbe46846c00 JavaThread "Cache worker for journal cache (/Users/user/.gradle/caches/journal-1)"        [_thread_blocked, id=64515, stack(0x000070000305c000,0x000070000315c000) (1024K)]
  0x00007fbe4baa4c00 JavaThread "File lock request listener"        [_thread_in_native, id=64003, stack(0x000070000315f000,0x000070000325f000) (1024K)]
  0x00007fbe4d8c6800 JavaThread "Cache worker for file hash cache (/Users/user/.gradle/caches/8.12/fileHashes)"        [_thread_blocked, id=63747, stack(0x0000700003262000,0x0000700003362000) (1024K)]
  0x00007fbe4bae7e00 JavaThread "Cache worker for file hash cache (/Users/user/Documents/Projects/Evnzo/evanzoApp/android/.gradle/8.12/fileHashes)"        [_thread_blocked, id=62723, stack(0x000070000356b000,0x000070000366b000) (1024K)]
  0x00007fbe4e8be400 JavaThread "Cache worker for Build Output Cleanup Cache (/Users/user/Documents/Projects/Evnzo/evanzoApp/android/.gradle/buildOutputCleanup)"        [_thread_blocked, id=62211, stack(0x000070000366e000,0x000070000376e000) (1024K)]
  0x00007fbe4cce9000 JavaThread "File watcher server"        daemon [_thread_in_native, id=61955, stack(0x0000700003771000,0x0000700003871000) (1024K)]
  0x00007fbe45ab6a00 JavaThread "File watcher consumer"      daemon [_thread_blocked, id=46339, stack(0x0000700003874000,0x0000700003974000) (1024K)]
  0x00007fbe4e889400 JavaThread "jar transforms"                    [_thread_blocked, id=29715, stack(0x0000700003977000,0x0000700003a77000) (1024K)]
  0x00007fbe47a67e00 JavaThread "Cache worker for checksums cache (/Users/user/Documents/Projects/Evnzo/evanzoApp/android/.gradle/8.12/checksums)"        [_thread_blocked, id=47107, stack(0x0000700003a7a000,0x0000700003b7a000) (1024K)]
  0x00007fbe4ea60c00 JavaThread "Cache worker for file content cache (/Users/user/.gradle/caches/8.12/fileContent)"        [_thread_blocked, id=47619, stack(0x0000700003b7d000,0x0000700003c7d000) (1024K)]
  0x00007fbe47b59e00 JavaThread "File lock release action executor"        [_thread_blocked, id=61443, stack(0x0000700003c80000,0x0000700003d80000) (1024K)]
  0x00007fbe4b00ba00 JavaThread "Cache worker for cache directory md-rule (/Users/user/.gradle/caches/8.12/md-rule)"        [_thread_blocked, id=48131, stack(0x0000700003d83000,0x0000700003e83000) (1024K)]
  0x00007fbe47926c00 JavaThread "Cache worker for cache directory md-supplier (/Users/user/.gradle/caches/8.12/md-supplier)"        [_thread_blocked, id=48387, stack(0x0000700003e86000,0x0000700003f86000) (1024K)]
  0x00007fbe4b834200 JavaThread "Cache worker for Build Output Cleanup Cache (/Users/user/Documents/Projects/Evnzo/evanzoApp/node_modules/@react-native/gradle-plugin/.gradle/buildOutputCleanup)"        [_thread_blocked, id=60931, stack(0x0000700003f89000,0x0000700004089000) (1024K)]
  0x00007fbe4da90400 JavaThread "Unconstrained build operations"        [_thread_blocked, id=34323, stack(0x0000700001d23000,0x0000700001e23000) (1024K)]
  0x00007fbe4e31d600 JavaThread "Unconstrained build operations Thread 2"        [_thread_blocked, id=48899, stack(0x000070000408c000,0x000070000418c000) (1024K)]
  0x00007fbe45ae5600 JavaThread "Unconstrained build operations Thread 3"        [_thread_blocked, id=60163, stack(0x000070000418f000,0x000070000428f000) (1024K)]
  0x00007fbe4bb65c00 JavaThread "Unconstrained build operations Thread 4"        [_thread_blocked, id=49411, stack(0x0000700004292000,0x0000700004392000) (1024K)]
  0x00007fbe47302800 JavaThread "Unconstrained build operations Thread 5"        [_thread_blocked, id=49923, stack(0x0000700004395000,0x0000700004495000) (1024K)]
  0x00007fbe47311a00 JavaThread "Unconstrained build operations Thread 6"        [_thread_blocked, id=59907, stack(0x0000700004498000,0x0000700004598000) (1024K)]
  0x00007fbe4580ca00 JavaThread "Unconstrained build operations Thread 7"        [_thread_blocked, id=26379, stack(0x000070000160e000,0x000070000170e000) (1024K)]
  0x00007fbe4a275a00 JavaThread "Unconstrained build operations Thread 8"        [_thread_blocked, id=41235, stack(0x0000700001e26000,0x0000700001f26000) (1024K)]
  0x00007fbe4792f600 JavaThread "Unconstrained build operations Thread 9"        [_thread_blocked, id=50691, stack(0x000070000459b000,0x000070000469b000) (1024K)]
  0x00007fbe4699b200 JavaThread "Unconstrained build operations Thread 10"        [_thread_blocked, id=50947, stack(0x000070000469e000,0x000070000479e000) (1024K)]
  0x00007fbe47930400 JavaThread "Unconstrained build operations Thread 11"        [_thread_blocked, id=59139, stack(0x00007000047a1000,0x00007000048a1000) (1024K)]
  0x00007fbe4f1fc200 JavaThread "Unconstrained build operations Thread 12"        [_thread_blocked, id=51203, stack(0x00007000048a4000,0x00007000049a4000) (1024K)]
  0x00007fbe4a273600 JavaThread "Unconstrained build operations Thread 13"        [_thread_blocked, id=51459, stack(0x00007000049a7000,0x0000700004aa7000) (1024K)]
  0x00007fbe4dba4600 JavaThread "Unconstrained build operations Thread 14"        [_thread_blocked, id=51715, stack(0x0000700004aaa000,0x0000700004baa000) (1024K)]
  0x00007fbe46307400 JavaThread "Unconstrained build operations Thread 15"        [_thread_blocked, id=52227, stack(0x0000700004bad000,0x0000700004cad000) (1024K)]
  0x00007fbe47b9be00 JavaThread "Unconstrained build operations Thread 16"        [_thread_blocked, id=52739, stack(0x0000700004cb0000,0x0000700004db0000) (1024K)]
  0x00007fbe4e317800 JavaThread "Unconstrained build operations Thread 17"        [_thread_blocked, id=58115, stack(0x0000700004db3000,0x0000700004eb3000) (1024K)]
  0x00007fbe4881ec00 JavaThread "Unconstrained build operations Thread 18"        [_thread_blocked, id=53251, stack(0x0000700004eb6000,0x0000700004fb6000) (1024K)]
  0x00007fbe4699ba00 JavaThread "Unconstrained build operations Thread 19"        [_thread_blocked, id=53507, stack(0x0000700004fb9000,0x00007000050b9000) (1024K)]
  0x00007fbe4e307a00 JavaThread "Unconstrained build operations Thread 20"        [_thread_blocked, id=57091, stack(0x00007000050bc000,0x00007000051bc000) (1024K)]
  0x00007fbe4d113200 JavaThread "Unconstrained build operations Thread 21"        [_thread_blocked, id=54019, stack(0x00007000051bf000,0x00007000052bf000) (1024K)]
  0x00007fbe4699c200 JavaThread "Unconstrained build operations Thread 22"        [_thread_blocked, id=54531, stack(0x00007000052c2000,0x00007000053c2000) (1024K)]
  0x00007fbe4d22e200 JavaThread "Unconstrained build operations Thread 23"        [_thread_blocked, id=56835, stack(0x00007000053c5000,0x00007000054c5000) (1024K)]
  0x00007fbe4bb46e00 JavaThread "Unconstrained build operations Thread 24"        [_thread_blocked, id=56323, stack(0x00007000054c8000,0x00007000055c8000) (1024K)]
  0x00007fbe44de6200 JavaThread "Unconstrained build operations Thread 25"        [_thread_blocked, id=55043, stack(0x00007000055cb000,0x00007000056cb000) (1024K)]
  0x00007fbe46307c00 JavaThread "Unconstrained build operations Thread 26"        [_thread_blocked, id=55555, stack(0x00007000056ce000,0x00007000057ce000) (1024K)]
  0x00007fbe471f0200 JavaThread "Unconstrained build operations Thread 27"        [_thread_blocked, id=65539, stack(0x00007000057d1000,0x00007000058d1000) (1024K)]
  0x00007fbe4699da00 JavaThread "Unconstrained build operations Thread 28"        [_thread_blocked, id=86787, stack(0x00007000058d4000,0x00007000059d4000) (1024K)]
  0x00007fbe4699e200 JavaThread "Unconstrained build operations Thread 29"        [_thread_blocked, id=66051, stack(0x00007000059d7000,0x0000700005ad7000) (1024K)]
  0x00007fbe4f1fd200 JavaThread "Unconstrained build operations Thread 30"        [_thread_blocked, id=66563, stack(0x0000700005ada000,0x0000700005bda000) (1024K)]
  0x00007fbe4889d200 JavaThread "Unconstrained build operations Thread 31"        [_thread_blocked, id=86275, stack(0x0000700005bdd000,0x0000700005cdd000) (1024K)]
  0x00007fbe471f0a00 JavaThread "Unconstrained build operations Thread 32"        [_thread_blocked, id=67075, stack(0x0000700005ce0000,0x0000700005de0000) (1024K)]
  0x00007fbe4630be00 JavaThread "Unconstrained build operations Thread 33"        [_thread_blocked, id=85763, stack(0x0000700005de3000,0x0000700005ee3000) (1024K)]
  0x00007fbe4d22ea00 JavaThread "Unconstrained build operations Thread 34"        [_thread_blocked, id=85507, stack(0x0000700005ee6000,0x0000700005fe6000) (1024K)]
  0x00007fbe44de7e00 JavaThread "Unconstrained build operations Thread 35"        [_thread_blocked, id=85251, stack(0x0000700005fe9000,0x00007000060e9000) (1024K)]
  0x00007fbe44d29600 JavaThread "Unconstrained build operations Thread 36"        [_thread_blocked, id=84995, stack(0x00007000060ec000,0x00007000061ec000) (1024K)]
  0x00007fbe472fa400 JavaThread "Unconstrained build operations Thread 37"        [_thread_blocked, id=84483, stack(0x00007000061ef000,0x00007000062ef000) (1024K)]
  0x00007fbe4d90ba00 JavaThread "Unconstrained build operations Thread 38"        [_thread_blocked, id=68099, stack(0x00007000062f2000,0x00007000063f2000) (1024K)]
  0x00007fbe4db9e800 JavaThread "Unconstrained build operations Thread 39"        [_thread_blocked, id=68611, stack(0x00007000063f5000,0x00007000064f5000) (1024K)]
  0x00007fbe47a91400 JavaThread "Unconstrained build operations Thread 40"        [_thread_blocked, id=68867, stack(0x00007000064f8000,0x00007000065f8000) (1024K)]
  0x00007fbe44d27600 JavaThread "Unconstrained build operations Thread 41"        [_thread_blocked, id=69123, stack(0x00007000065fb000,0x00007000066fb000) (1024K)]
  0x00007fbe4e87f600 JavaThread "Unconstrained build operations Thread 42"        [_thread_blocked, id=83203, stack(0x00007000066fe000,0x00007000067fe000) (1024K)]
  0x00007fbe4e528400 JavaThread "Unconstrained build operations Thread 43"        [_thread_blocked, id=82947, stack(0x0000700006801000,0x0000700006901000) (1024K)]
  0x00007fbe4bba8000 JavaThread "Unconstrained build operations Thread 44"        [_thread_blocked, id=82435, stack(0x0000700006904000,0x0000700006a04000) (1024K)]
  0x00007fbe47a91c00 JavaThread "Unconstrained build operations Thread 45"        [_thread_blocked, id=81923, stack(0x0000700006a07000,0x0000700006b07000) (1024K)]
  0x00007fbe4db9f000 JavaThread "Unconstrained build operations Thread 46"        [_thread_blocked, id=81667, stack(0x0000700006b0a000,0x0000700006c0a000) (1024K)]
  0x00007fbe4f222400 JavaThread "Unconstrained build operations Thread 47"        [_thread_blocked, id=69891, stack(0x0000700006c0d000,0x0000700006d0d000) (1024K)]
  0x00007fbe4a328000 JavaThread "Unconstrained build operations Thread 48"        [_thread_blocked, id=80899, stack(0x0000700006d10000,0x0000700006e10000) (1024K)]
  0x00007fbe4a32ca00 JavaThread "Unconstrained build operations Thread 49"        [_thread_blocked, id=80387, stack(0x0000700006e13000,0x0000700006f13000) (1024K)]
  0x00007fbe4686a000 JavaThread "Unconstrained build operations Thread 50"        [_thread_blocked, id=79875, stack(0x0000700006f16000,0x0000700007016000) (1024K)]
  0x00007fbe4e529400 JavaThread "Unconstrained build operations Thread 51"        [_thread_blocked, id=79363, stack(0x0000700007019000,0x0000700007119000) (1024K)]
  0x00007fbe4dbe6400 JavaThread "build event listener"              [_thread_blocked, id=78863, stack(0x000070000721f000,0x000070000731f000) (1024K)]
  0x00007fbe46056a00 JavaThread "Memory manager"                    [_thread_blocked, id=70915, stack(0x0000700007322000,0x0000700007422000) (1024K)]
  0x00007fbe44b54000 JavaThread "ForkJoinPool.commonPool-worker-1" daemon [_thread_blocked, id=78339, stack(0x0000700007425000,0x0000700007525000) (1024K)]
  0x00007fbe46420400 JavaThread "ForkJoinPool.commonPool-worker-2" daemon [_thread_blocked, id=71683, stack(0x0000700007528000,0x0000700007628000) (1024K)]
  0x00007fbe47e20800 JavaThread "ForkJoinPool.commonPool-worker-3" daemon [_thread_blocked, id=77827, stack(0x000070000762b000,0x000070000772b000) (1024K)]
  0x00007fbe4bcd9400 JavaThread "ForkJoinPool.commonPool-worker-5" daemon [_thread_blocked, id=77315, stack(0x000070000772e000,0x000070000782e000) (1024K)]
  0x00007fbe45b45200 JavaThread "ForkJoinPool.commonPool-worker-6" daemon [_thread_blocked, id=77059, stack(0x0000700007831000,0x0000700007931000) (1024K)]
  0x00007fbe45aaa000 JavaThread "ForkJoinPool.commonPool-worker-4" daemon [_thread_blocked, id=76803, stack(0x0000700007934000,0x0000700007a34000) (1024K)]
  0x00007fbe47144a00 JavaThread "ForkJoinPool.commonPool-worker-7" daemon [_thread_blocked, id=76291, stack(0x0000700007a37000,0x0000700007b37000) (1024K)]
  0x00007fbe47321600 JavaThread "ForkJoinPool.commonPool-worker-8" daemon [_thread_blocked, id=75779, stack(0x0000700007b3a000,0x0000700007c3a000) (1024K)]
  0x00007fbe463e5000 JavaThread "ForkJoinPool.commonPool-worker-9" daemon [_thread_blocked, id=75267, stack(0x0000700007c3d000,0x0000700007d3d000) (1024K)]
  0x00007fbe4b467c00 JavaThread "ForkJoinPool.commonPool-worker-10" daemon [_thread_blocked, id=72707, stack(0x0000700007d40000,0x0000700007e40000) (1024K)]
  0x00007fbe45b43a00 JavaThread "ForkJoinPool.commonPool-worker-11" daemon [_thread_blocked, id=73219, stack(0x0000700007e43000,0x0000700007f43000) (1024K)]
  0x00007fbe4b468400 JavaThread "ForkJoinPool.commonPool-worker-14" daemon [_thread_blocked, id=73731, stack(0x0000700007f46000,0x0000700008046000) (1024K)]
  0x00007fbe4c874a00 JavaThread "ForkJoinPool.commonPool-worker-13" daemon [_thread_blocked, id=74755, stack(0x0000700008049000,0x0000700008149000) (1024K)]
  0x00007fbe4e1aa200 JavaThread "ForkJoinPool.commonPool-worker-12" daemon [_thread_blocked, id=73987, stack(0x000070000814c000,0x000070000824c000) (1024K)]
  0x00007fbe44b77400 JavaThread "Exec process"               daemon [_thread_blocked, id=87299, stack(0x000070000824f000,0x000070000834f000) (1024K)]
  0x00007fbe4a204000 JavaThread "process reaper"             daemon [_thread_blocked, id=87811, stack(0x0000700000c70000,0x0000700000c94000) (144K)]
  0x00007fbe47321e00 JavaThread "Exec process Thread 2"      daemon [_thread_blocked, id=88323, stack(0x0000700008352000,0x0000700008452000) (1024K)]
  0x00007fbe47143c00 JavaThread "Exec process Thread 3"      daemon [_thread_blocked, id=88579, stack(0x0000700008455000,0x0000700008555000) (1024K)]
  0x00007fbe4bcdf600 JavaThread "Exec process"                      [_thread_blocked, id=130563, stack(0x0000700008558000,0x0000700008658000) (1024K)]
  0x00007fbe46313a00 JavaThread "Exec process Thread 2"             [_thread_blocked, id=130307, stack(0x000070000865b000,0x000070000875b000) (1024K)]
  0x00007fbe4d1b7200 JavaThread "Exec process Thread 3"             [_thread_blocked, id=129795, stack(0x000070000875e000,0x000070000885e000) (1024K)]
  0x00007fbe4e88e000 JavaThread "included builds"                   [_thread_blocked, id=89603, stack(0x0000700008861000,0x0000700008961000) (1024K)]
  0x00007fbe47a8ea00 JavaThread "Execution worker"                  [_thread_blocked, id=90115, stack(0x0000700008964000,0x0000700008a64000) (1024K)]
  0x00007fbe47e21000 JavaThread "Execution worker Thread 2"         [_thread_blocked, id=129539, stack(0x0000700008a67000,0x0000700008b67000) (1024K)]
  0x00007fbe4d18f400 JavaThread "Execution worker Thread 3"         [_thread_blocked, id=129283, stack(0x0000700008b6a000,0x0000700008c6a000) (1024K)]
  0x00007fbe4890e800 JavaThread "Execution worker Thread 4"         [_thread_blocked, id=90883, stack(0x0000700008c6d000,0x0000700008d6d000) (1024K)]
  0x00007fbe4bb8f200 JavaThread "Execution worker Thread 5"         [_thread_blocked, id=91139, stack(0x0000700008d70000,0x0000700008e70000) (1024K)]
  0x00007fbe44c9f400 JavaThread "Execution worker Thread 6"         [_thread_blocked, id=128259, stack(0x0000700008e73000,0x0000700008f73000) (1024K)]
  0x00007fbe4dab3e00 JavaThread "Execution worker Thread 7"         [_thread_blocked, id=127747, stack(0x0000700008f76000,0x0000700009076000) (1024K)]
  0x00007fbe4e88d600 JavaThread "Execution worker Thread 8"         [_thread_blocked, id=127235, stack(0x0000700009079000,0x0000700009179000) (1024K)]
  0x00007fbe4cc34400 JavaThread "Execution worker Thread 9"         [_thread_blocked, id=91651, stack(0x000070000917c000,0x000070000927c000) (1024K)]
  0x00007fbe4daa2c00 JavaThread "Execution worker Thread 10"        [_thread_blocked, id=126723, stack(0x000070000927f000,0x000070000937f000) (1024K)]
  0x00007fbe4dba7600 JavaThread "Execution worker Thread 11"        [_thread_blocked, id=126467, stack(0x0000700009382000,0x0000700009482000) (1024K)]
  0x00007fbe44c9fc00 JavaThread "Execution worker Thread 12"        [_thread_blocked, id=125955, stack(0x0000700009485000,0x0000700009585000) (1024K)]
  0x00007fbe462eac00 JavaThread "Execution worker Thread 13"        [_thread_blocked, id=125443, stack(0x0000700009588000,0x0000700009688000) (1024K)]
  0x00007fbe45838400 JavaThread "Execution worker Thread 14"        [_thread_blocked, id=92163, stack(0x000070000968b000,0x000070000978b000) (1024K)]
  0x00007fbe462eb400 JavaThread "Execution worker Thread 15"        [_thread_blocked, id=92419, stack(0x000070000978e000,0x000070000988e000) (1024K)]
  0x00007fbe47f74800 JavaThread "Cache worker for execution history cache (/Users/user/Documents/Projects/Evnzo/evanzoApp/node_modules/@react-native/gradle-plugin/.gradle/8.12/executionHistory)"        [_thread_blocked, id=92931, stack(0x0000700009891000,0x0000700009991000) (1024K)]
  0x00007fbe4bcdbc00 JavaThread "Unconstrained build operations Thread 52"        [_thread_blocked, id=123907, stack(0x0000700009a97000,0x0000700009b97000) (1024K)]
  0x00007fbe4897f000 JavaThread "Unconstrained build operations Thread 53"        [_thread_blocked, id=123395, stack(0x0000700009b9a000,0x0000700009c9a000) (1024K)]
  0x00007fbe4bcdc400 JavaThread "Unconstrained build operations Thread 54"        [_thread_blocked, id=94467, stack(0x0000700009c9d000,0x0000700009d9d000) (1024K)]
  0x00007fbe4dba8c00 JavaThread "Unconstrained build operations Thread 55"        [_thread_blocked, id=94723, stack(0x0000700009da0000,0x0000700009ea0000) (1024K)]
  0x00007fbe4b64fc00 JavaThread "Unconstrained build operations Thread 56"        [_thread_blocked, id=95235, stack(0x0000700009ea3000,0x0000700009fa3000) (1024K)]
  0x00007fbe4dba9400 JavaThread "Unconstrained build operations Thread 57"        [_thread_blocked, id=122627, stack(0x0000700009fa6000,0x000070000a0a6000) (1024K)]
  0x00007fbe4b64d600 JavaThread "Unconstrained build operations Thread 58"        [_thread_blocked, id=122115, stack(0x000070000a0a9000,0x000070000a1a9000) (1024K)]
  0x00007fbe4a322800 JavaThread "Unconstrained build operations Thread 59"        [_thread_blocked, id=121859, stack(0x000070000a1ac000,0x000070000a2ac000) (1024K)]
  0x00007fbe4d072200 JavaThread "Unconstrained build operations Thread 60"        [_thread_blocked, id=96003, stack(0x000070000a2af000,0x000070000a3af000) (1024K)]
  0x00007fbe4b64e800 JavaThread "Unconstrained build operations Thread 61"        [_thread_blocked, id=120579, stack(0x000070000a4b5000,0x000070000a5b5000) (1024K)]
  0x00007fbe473e6a00 JavaThread "Unconstrained build operations Thread 62"        [_thread_blocked, id=120323, stack(0x000070000a5b8000,0x000070000a6b8000) (1024K)]
  0x00007fbe4897fe00 JavaThread "Unconstrained build operations Thread 63"        [_thread_blocked, id=120067, stack(0x000070000a6bb000,0x000070000a7bb000) (1024K)]
  0x00007fbe4e1aaa00 JavaThread "Unconstrained build operations Thread 64"        [_thread_blocked, id=119811, stack(0x000070000a7be000,0x000070000a8be000) (1024K)]
  0x00007fbe4e1ab200 JavaThread "Unconstrained build operations Thread 65"        [_thread_blocked, id=97283, stack(0x000070000a8c1000,0x000070000a9c1000) (1024K)]
  0x00007fbe473e7800 JavaThread "Unconstrained build operations Thread 66"        [_thread_blocked, id=119299, stack(0x000070000a9c4000,0x000070000aac4000) (1024K)]
  0x00007fbe44c56e00 JavaThread "Unconstrained build operations Thread 67"        [_thread_blocked, id=118787, stack(0x000070000aac7000,0x000070000abc7000) (1024K)]
  0x00007fbe473a8200 JavaThread "Unconstrained build operations Thread 68"        [_thread_blocked, id=118275, stack(0x000070000abca000,0x000070000acca000) (1024K)]
  0x00007fbe4bbdbc00 JavaThread "Unconstrained build operations Thread 69"        [_thread_blocked, id=97795, stack(0x000070000accd000,0x000070000adcd000) (1024K)]
  0x00007fbe4f29c800 JavaThread "Unconstrained build operations Thread 70"        [_thread_blocked, id=118019, stack(0x000070000add0000,0x000070000aed0000) (1024K)]
  0x00007fbe47fb9e00 JavaThread "Unconstrained build operations Thread 71"        [_thread_blocked, id=117507, stack(0x000070000aed3000,0x000070000afd3000) (1024K)]
  0x00007fbe4bbdcc00 JavaThread "Unconstrained build operations Thread 72"        [_thread_blocked, id=98307, stack(0x000070000afd6000,0x000070000b0d6000) (1024K)]
  0x00007fbe4a365e00 JavaThread "Unconstrained build operations Thread 73"        [_thread_blocked, id=98819, stack(0x000070000b0d9000,0x000070000b1d9000) (1024K)]
  0x00007fbe4f29d000 JavaThread "Unconstrained build operations Thread 74"        [_thread_blocked, id=116739, stack(0x000070000b1dc000,0x000070000b2dc000) (1024K)]
  0x00007fbe4d072a00 JavaThread "Unconstrained build operations Thread 75"        [_thread_blocked, id=99075, stack(0x000070000b2df000,0x000070000b3df000) (1024K)]
  0x00007fbe46312600 JavaThread "Unconstrained build operations Thread 76"        [_thread_blocked, id=115971, stack(0x000070000b3e2000,0x000070000b4e2000) (1024K)]
  0x00007fbe46424e00 JavaThread "Unconstrained build operations Thread 77"        [_thread_blocked, id=115459, stack(0x000070000b4e5000,0x000070000b5e5000) (1024K)]
  0x00007fbe4c9c8200 JavaThread "Unconstrained build operations Thread 78"        [_thread_blocked, id=99587, stack(0x000070000b5e8000,0x000070000b6e8000) (1024K)]
  0x00007fbe4d954600 JavaThread "Unconstrained build operations Thread 79"        [_thread_blocked, id=115203, stack(0x000070000b6eb000,0x000070000b7eb000) (1024K)]
  0x00007fbe4e37de00 JavaThread "Unconstrained build operations Thread 80"        [_thread_blocked, id=100099, stack(0x000070000b7ee000,0x000070000b8ee000) (1024K)]
  0x00007fbe4ea4a200 JavaThread "Unconstrained build operations Thread 81"        [_thread_blocked, id=114435, stack(0x000070000b8f1000,0x000070000b9f1000) (1024K)]
  0x00007fbe45b43000 JavaThread "Unconstrained build operations Thread 82"        [_thread_blocked, id=113923, stack(0x000070000b9f4000,0x000070000baf4000) (1024K)]
  0x00007fbe4ea50600 JavaThread "Unconstrained build operations Thread 83"        [_thread_blocked, id=113667, stack(0x000070000baf7000,0x000070000bbf7000) (1024K)]
  0x00007fbe45b01c00 JavaThread "Unconstrained build operations Thread 84"        [_thread_blocked, id=100611, stack(0x000070000bbfa000,0x000070000bcfa000) (1024K)]
  0x00007fbe4c86a200 JavaThread "Unconstrained build operations Thread 85"        [_thread_blocked, id=100867, stack(0x000070000bcfd000,0x000070000bdfd000) (1024K)]
  0x00007fbe4d070200 JavaThread "Unconstrained build operations Thread 86"        [_thread_blocked, id=101379, stack(0x000070000be00000,0x000070000bf00000) (1024K)]
  0x00007fbe48980600 JavaThread "Unconstrained build operations Thread 87"        [_thread_blocked, id=112643, stack(0x000070000bf03000,0x000070000c003000) (1024K)]
  0x00007fbe4d070a00 JavaThread "Unconstrained build operations Thread 88"        [_thread_blocked, id=112387, stack(0x000070000c006000,0x000070000c106000) (1024K)]
  0x00007fbe4cb51200 JavaThread "Unconstrained build operations Thread 89"        [_thread_blocked, id=112131, stack(0x000070000c109000,0x000070000c209000) (1024K)]
  0x00007fbe4e32b200 JavaThread "Unconstrained build operations Thread 90"        [_thread_blocked, id=102147, stack(0x000070000c20c000,0x000070000c30c000) (1024K)]
  0x00007fbe462c8000 JavaThread "Unconstrained build operations Thread 91"        [_thread_blocked, id=111619, stack(0x000070000c30f000,0x000070000c40f000) (1024K)]
  0x00007fbe4d956e00 JavaThread "Unconstrained build operations Thread 92"        [_thread_blocked, id=102659, stack(0x000070000c412000,0x000070000c512000) (1024K)]
  0x00007fbe4e2f8800 JavaThread "Unconstrained build operations Thread 93"        [_thread_blocked, id=103171, stack(0x000070000c515000,0x000070000c615000) (1024K)]
  0x00007fbe4f29fc00 JavaThread "Unconstrained build operations Thread 94"        [_thread_blocked, id=103683, stack(0x000070000c618000,0x000070000c718000) (1024K)]
  0x00007fbe47fbb400 JavaThread "Unconstrained build operations Thread 95"        [_thread_blocked, id=103939, stack(0x000070000c71b000,0x000070000c81b000) (1024K)]
  0x00007fbe47484400 JavaThread "Unconstrained build operations Thread 96"        [_thread_blocked, id=110851, stack(0x000070000c81e000,0x000070000c91e000) (1024K)]
  0x00007fbe4a2a1400 JavaThread "Unconstrained build operations Thread 97"        [_thread_blocked, id=110595, stack(0x000070000c921000,0x000070000ca21000) (1024K)]
  0x00007fbe4a324400 JavaThread "Unconstrained build operations Thread 98"        [_thread_blocked, id=110339, stack(0x000070000ca24000,0x000070000cb24000) (1024K)]
  0x00007fbe4654e600 JavaThread "Unconstrained build operations Thread 99"        [_thread_blocked, id=109827, stack(0x000070000cb27000,0x000070000cc27000) (1024K)]
  0x00007fbe4654f400 JavaThread "Unconstrained build operations Thread 100"        [_thread_blocked, id=105219, stack(0x000070000cc2a000,0x000070000cd2a000) (1024K)]
  0x00007fbe47fbbc00 JavaThread "Unconstrained build operations Thread 101"        [_thread_blocked, id=105475, stack(0x000070000cd2d000,0x000070000ce2d000) (1024K)]
  0x00007fbe462c6e00 JavaThread "Unconstrained build operations Thread 102"        [_thread_blocked, id=105987, stack(0x000070000ce30000,0x000070000cf30000) (1024K)]
  0x00007fbe4a448200 JavaThread "Unconstrained build operations Thread 103"        [_thread_blocked, id=106243, stack(0x000070000cf33000,0x000070000d033000) (1024K)]
  0x00007fbe47484c00 JavaThread "Unconstrained build operations Thread 104"        [_thread_blocked, id=109059, stack(0x000070000d036000,0x000070000d136000) (1024K)]
  0x00007fbe489a2a00 JavaThread "Unconstrained build operations Thread 105"        [_thread_blocked, id=108803, stack(0x000070000d139000,0x000070000d239000) (1024K)]
  0x00007fbe4e2f9000 JavaThread "Unconstrained build operations Thread 106"        [_thread_blocked, id=108547, stack(0x000070000d23c000,0x000070000d33c000) (1024K)]
  0x00007fbe462c4c00 JavaThread "Unconstrained build operations Thread 107"        [_thread_blocked, id=108035, stack(0x000070000d33f000,0x000070000d43f000) (1024K)]
  0x00007fbe4bc06800 JavaThread "Unconstrained build operations Thread 108"        [_thread_blocked, id=107779, stack(0x000070000d442000,0x000070000d542000) (1024K)]
  0x00007fbe4a446000 JavaThread "Unconstrained build operations Thread 109"        [_thread_blocked, id=131075, stack(0x000070000d545000,0x000070000d645000) (1024K)]
  0x00007fbe4bcdcc00 JavaThread "Unconstrained build operations Thread 110"        [_thread_blocked, id=131331, stack(0x000070000d648000,0x000070000d748000) (1024K)]
  0x00007fbe4bcdd400 JavaThread "Unconstrained build operations Thread 111"        [_thread_blocked, id=131587, stack(0x000070000d74b000,0x000070000d84b000) (1024K)]
  0x00007fbe45cab400 JavaThread "Unconstrained build operations Thread 112"        [_thread_blocked, id=131843, stack(0x000070000d84e000,0x000070000d94e000) (1024K)]
  0x00007fbe462c5c00 JavaThread "Unconstrained build operations Thread 113"        [_thread_blocked, id=173315, stack(0x000070000d951000,0x000070000da51000) (1024K)]
  0x00007fbe4dafe000 JavaThread "Unconstrained build operations Thread 114"        [_thread_blocked, id=132099, stack(0x000070000da54000,0x000070000db54000) (1024K)]
  0x00007fbe47399c00 JavaThread "Unconstrained build operations Thread 115"        [_thread_blocked, id=172547, stack(0x000070000db57000,0x000070000dc57000) (1024K)]
  0x00007fbe4ea50e00 JavaThread "Unconstrained build operations Thread 116"        [_thread_blocked, id=172035, stack(0x000070000dc5a000,0x000070000dd5a000) (1024K)]
  0x00007fbe46b55a00 JavaThread "Unconstrained build operations Thread 117"        [_thread_blocked, id=171523, stack(0x000070000dd5d000,0x000070000de5d000) (1024K)]
  0x00007fbe4dae3800 JavaThread "Unconstrained build operations Thread 118"        [_thread_blocked, id=132355, stack(0x000070000de60000,0x000070000df60000) (1024K)]
  0x00007fbe449e3200 JavaThread "Unconstrained build operations Thread 119"        [_thread_blocked, id=170755, stack(0x000070000df63000,0x000070000e063000) (1024K)]
  0x00007fbe4ca3ee00 JavaThread "Unconstrained build operations Thread 120"        [_thread_blocked, id=132867, stack(0x000070000e066000,0x000070000e166000) (1024K)]
  0x00007fbe4b7a2600 JavaThread "Unconstrained build operations Thread 121"        [_thread_blocked, id=133123, stack(0x000070000e169000,0x000070000e269000) (1024K)]
  0x00007fbe4ea5ee00 JavaThread "Unconstrained build operations Thread 122"        [_thread_in_native, id=169987, stack(0x000070000e26c000,0x000070000e36c000) (1024K)]
  0x00007fbe4f020800 JavaThread "Unconstrained build operations Thread 123"        [_thread_in_Java, id=133635, stack(0x000070000e36f000,0x000070000e46f000) (1024K)]
  0x00007fbe4f021000 JavaThread "Unconstrained build operations Thread 124"        [_thread_blocked, id=169731, stack(0x000070000e472000,0x000070000e572000) (1024K)]
  0x00007fbe4f021800 JavaThread "Unconstrained build operations Thread 125"        [_thread_in_native, id=134147, stack(0x000070000e575000,0x000070000e675000) (1024K)]
  0x00007fbe489a4a00 JavaThread "Unconstrained build operations Thread 126"        [_thread_blocked, id=168963, stack(0x000070000e678000,0x000070000e778000) (1024K)]
  0x00007fbe47399400 JavaThread "jar transforms Thread 2"           [_thread_blocked, id=168451, stack(0x000070000e77b000,0x000070000e87b000) (1024K)]
  0x00007fbe449ea400 JavaThread "jar transforms Thread 3"           [_thread_blocked, id=134659, stack(0x000070000e87e000,0x000070000e97e000) (1024K)]
  0x00007fbe4e8efe00 JavaThread "Unconstrained build operations Thread 127"        [_thread_blocked, id=167683, stack(0x000070000ea84000,0x000070000eb84000) (1024K)]
  0x00007fbe4a452c00 JavaThread "Unconstrained build operations Thread 128"        [_thread_blocked, id=135171, stack(0x000070000eb87000,0x000070000ec87000) (1024K)]
  0x00007fbe46b5ba00 JavaThread "Unconstrained build operations Thread 129"        [_thread_blocked, id=135683, stack(0x000070000ec8a000,0x000070000ed8a000) (1024K)]
  0x00007fbe4d329400 JavaThread "Unconstrained build operations Thread 130"        [_thread_blocked, id=135939, stack(0x000070000ed8d000,0x000070000ee8d000) (1024K)]
  0x00007fbe4a29da00 JavaThread "Unconstrained build operations Thread 131"        [_thread_blocked, id=136195, stack(0x000070000ee90000,0x000070000ef90000) (1024K)]
  0x00007fbe4a453c00 JavaThread "Unconstrained build operations Thread 132"        [_thread_blocked, id=136707, stack(0x000070000ef93000,0x000070000f093000) (1024K)]
  0x00007fbe489ec600 JavaThread "Unconstrained build operations Thread 133"        [_thread_blocked, id=166403, stack(0x000070000f096000,0x000070000f196000) (1024K)]
  0x00007fbe4daff800 JavaThread "Unconstrained build operations Thread 134"        [_thread_blocked, id=166147, stack(0x000070000f199000,0x000070000f299000) (1024K)]
  0x00007fbe4a2a0400 JavaThread "Unconstrained build operations Thread 135"        [_thread_blocked, id=137475, stack(0x000070000f29c000,0x000070000f39c000) (1024K)]
  0x00007fbe4b7d4000 JavaThread "Unconstrained build operations Thread 136"        [_thread_blocked, id=137987, stack(0x000070000f39f000,0x000070000f49f000) (1024K)]
  0x00007fbe4e4fc000 JavaThread "Unconstrained build operations Thread 137"        [_thread_blocked, id=138499, stack(0x000070000f4a2000,0x000070000f5a2000) (1024K)]
  0x00007fbe465fdc00 JavaThread "Unconstrained build operations Thread 138"        [_thread_blocked, id=165891, stack(0x000070000f5a5000,0x000070000f6a5000) (1024K)]
  0x00007fbe4d32b400 JavaThread "Unconstrained build operations Thread 139"        [_thread_blocked, id=139267, stack(0x000070000f6a8000,0x000070000f7a8000) (1024K)]
  0x00007fbe4d1ee000 JavaThread "Unconstrained build operations Thread 140"        [_thread_blocked, id=165379, stack(0x000070000f7ab000,0x000070000f8ab000) (1024K)]
  0x00007fbe45e45800 JavaThread "Unconstrained build operations Thread 141"        [_thread_in_native, id=139779, stack(0x000070000f8ae000,0x000070000f9ae000) (1024K)]
  0x00007fbe489a5200 JavaThread "Unconstrained build operations Thread 142"        [_thread_blocked, id=140291, stack(0x000070000f9b1000,0x000070000fab1000) (1024K)]
  0x00007fbe4e8f2c00 JavaThread "Unconstrained build operations Thread 143"        [_thread_blocked, id=165123, stack(0x000070000fab4000,0x000070000fbb4000) (1024K)]
  0x00007fbe465fc800 JavaThread "Unconstrained build operations Thread 144"        [_thread_blocked, id=164867, stack(0x000070000fbb7000,0x000070000fcb7000) (1024K)]
  0x00007fbe44ced600 JavaThread "Unconstrained build operations Thread 145"        [_thread_blocked, id=164611, stack(0x000070000fcba000,0x000070000fdba000) (1024K)]
  0x00007fbe46b73e00 JavaThread "Unconstrained build operations Thread 146"        [_thread_blocked, id=141315, stack(0x000070000fdbd000,0x000070000febd000) (1024K)]
  0x00007fbe47a21800 JavaThread "Unconstrained build operations Thread 147"        [_thread_blocked, id=141827, stack(0x000070000fec0000,0x000070000ffc0000) (1024K)]
  0x00007fbe46b74600 JavaThread "Unconstrained build operations Thread 148"        [_thread_blocked, id=164099, stack(0x000070000ffc3000,0x00007000100c3000) (1024K)]
  0x00007fbe4e4fc800 JavaThread "Unconstrained build operations Thread 149"        [_thread_blocked, id=142339, stack(0x00007000100c6000,0x00007000101c6000) (1024K)]
  0x00007fbe45e46000 JavaThread "Unconstrained build operations Thread 150"        [_thread_blocked, id=142595, stack(0x00007000101c9000,0x00007000102c9000) (1024K)]
  0x00007fbe45e4ae00 JavaThread "Unconstrained build operations Thread 151"        [_thread_blocked, id=163075, stack(0x00007000102cc000,0x00007000103cc000) (1024K)]
  0x00007fbe4d1ee800 JavaThread "Unconstrained build operations Thread 152"        [_thread_blocked, id=162819, stack(0x00007000103cf000,0x00007000104cf000) (1024K)]
  0x00007fbe45eb4800 JavaThread "Unconstrained build operations Thread 153"        [_thread_in_native, id=143107, stack(0x00007000104d2000,0x00007000105d2000) (1024K)]
  0x00007fbe4a3f6400 JavaThread "Unconstrained build operations Thread 154"        [_thread_blocked, id=162307, stack(0x00007000105d5000,0x00007000106d5000) (1024K)]
  0x00007fbe45e4e400 JavaThread "Unconstrained build operations Thread 155"        [_thread_blocked, id=161795, stack(0x00007000106d8000,0x00007000107d8000) (1024K)]
  0x00007fbe45eb5000 JavaThread "Unconstrained build operations Thread 156"        [_thread_blocked, id=161283, stack(0x00007000107db000,0x00007000108db000) (1024K)]
  0x00007fbe4a453400 JavaThread "Unconstrained build operations Thread 157"        [_thread_blocked, id=160771, stack(0x00007000108de000,0x00007000109de000) (1024K)]
  0x00007fbe46601800 JavaThread "Unconstrained build operations Thread 158"        [_thread_blocked, id=160259, stack(0x00007000109e1000,0x0000700010ae1000) (1024K)]
  0x00007fbe4d1ef000 JavaThread "Unconstrained build operations Thread 159"        [_thread_blocked, id=143619, stack(0x0000700010ae4000,0x0000700010be4000) (1024K)]
  0x00007fbe4f024000 JavaThread "Unconstrained build operations Thread 160"        [_thread_blocked, id=159747, stack(0x0000700010be7000,0x0000700010ce7000) (1024K)]
  0x00007fbe4a1da800 JavaThread "jar transforms Thread 4"           [_thread_blocked, id=144131, stack(0x0000700010cea000,0x0000700010dea000) (1024K)]
  0x00007fbe4a3f6c00 JavaThread "jar transforms Thread 5"           [_thread_blocked, id=144387, stack(0x0000700010ded000,0x0000700010eed000) (1024K)]
  0x00007fbe4633aa00 JavaThread "build event listener"              [_thread_blocked, id=94243, stack(0x0000700009994000,0x0000700009a94000) (1024K)]
  0x00007fbe45b04e00 JavaThread "jar transforms Thread 6"           [_thread_blocked, id=158979, stack(0x0000700010ef0000,0x0000700010ff0000) (1024K)]
  0x00007fbe4bce6800 JavaThread "Problems report writer"            [_thread_blocked, id=158467, stack(0x0000700010ff3000,0x00007000110f3000) (1024K)]
  0x00007fbe44b08200 JavaThread "jar transforms Thread 7"           [_thread_blocked, id=157699, stack(0x00007000111f9000,0x00007000112f9000) (1024K)]
  0x00007fbe489f6a00 JavaThread "jar transforms Thread 8"           [_thread_blocked, id=157443, stack(0x00007000112fc000,0x00007000113fc000) (1024K)]
  0x00007fbe44f87a00 JavaThread "jar transforms Thread 9"           [_thread_blocked, id=26955, stack(0x000070000150b000,0x000070000160b000) (1024K)]
  0x00007fbe47a05200 JavaThread "jar transforms Thread 10"          [_thread_blocked, id=158223, stack(0x00007000110f6000,0x00007000111f6000) (1024K)]
  0x00007fbe472c8c00 JavaThread "jar transforms Thread 11"          [_thread_blocked, id=156943, stack(0x00007000113ff000,0x00007000114ff000) (1024K)]
  0x00007fbe4b60c600 JavaThread "jar transforms Thread 12"          [_thread_blocked, id=156419, stack(0x0000700011502000,0x0000700011602000) (1024K)]
  0x00007fbe45de9000 JavaThread "jar transforms Thread 13"          [_thread_blocked, id=145667, stack(0x0000700011605000,0x0000700011705000) (1024K)]
  0x00007fbe46260200 JavaThread "jar transforms Thread 14"          [_thread_blocked, id=155907, stack(0x0000700011708000,0x0000700011808000) (1024K)]
  0x00007fbe4698a400 JavaThread "jar transforms Thread 15"          [_thread_blocked, id=155651, stack(0x000070001180b000,0x000070001190b000) (1024K)]
  0x00007fbe463d1600 JavaThread "jar transforms Thread 16"          [_thread_blocked, id=146179, stack(0x000070001190e000,0x0000700011a0e000) (1024K)]
  0x00007fbe34edbc00 JavaThread "Cache worker for execution history cache (/Users/user/Documents/Projects/Evnzo/evanzoApp/android/.gradle/8.12/executionHistory)"        [_thread_blocked, id=168207, stack(0x000070000e981000,0x000070000ea81000) (1024K)]
  0x00007fbe4d3be600 JavaThread "C1 CompilerThread1"         daemon [_thread_blocked, id=79119, stack(0x000070000711c000,0x000070000721c000) (1024K)]
Total: 253

Other Threads:
  0x00007fbe4830fb40 VMThread "VM Thread"                           [id=18947, stack(0x0000700000aea000,0x0000700000bea000) (1024K)]
  0x00007fbe45108660 WatcherThread "VM Periodic Task Thread"        [id=20995, stack(0x00007000009e7000,0x0000700000ae7000) (1024K)]
  0x00007fbe45314240 WorkerThread "GC Thread#0"                     [id=12291, stack(0x00007000004d8000,0x00007000005d8000) (1024K)]
  0x00007fbe4801cfe0 WorkerThread "GC Thread#1"                     [id=43011, stack(0x0000700001814000,0x0000700001914000) (1024K)]
  0x00007fbe4820dba0 WorkerThread "GC Thread#2"                     [id=33283, stack(0x0000700001917000,0x0000700001a17000) (1024K)]
  0x00007fbe45658950 WorkerThread "GC Thread#3"                     [id=33539, stack(0x0000700001a1a000,0x0000700001b1a000) (1024K)]
  0x00007fbe4801de60 WorkerThread "GC Thread#4"                     [id=42243, stack(0x0000700001b1d000,0x0000700001c1d000) (1024K)]
  0x00007fbe4511cdd0 WorkerThread "GC Thread#5"                     [id=41731, stack(0x0000700001c20000,0x0000700001d20000) (1024K)]
  0x00007fbe4538baa0 WorkerThread "GC Thread#6"                     [id=37123, stack(0x0000700002947000,0x0000700002a47000) (1024K)]
  0x00007fbe4538c360 WorkerThread "GC Thread#7"                     [id=37635, stack(0x0000700002a4a000,0x0000700002b4a000) (1024K)]
  0x00007fbe4538cd10 WorkerThread "GC Thread#8"                     [id=38147, stack(0x0000700002b4d000,0x0000700002c4d000) (1024K)]
  0x00007fbe4538d6c0 WorkerThread "GC Thread#9"                     [id=43779, stack(0x0000700002c50000,0x0000700002d50000) (1024K)]
  0x00007fbe4538e070 WorkerThread "GC Thread#10"                    [id=44291, stack(0x0000700002d53000,0x0000700002e53000) (1024K)]
  0x00007fbe45776e60 WorkerThread "GC Thread#11"                    [id=65027, stack(0x0000700002e56000,0x0000700002f56000) (1024K)]
  0x00007fbe480af5b0 WorkerThread "GC Thread#12"                    [id=64771, stack(0x0000700002f59000,0x0000700003059000) (1024K)]
  0x00007fbe483048b0 ConcurrentGCThread "G1 Main Marker"            [id=12547, stack(0x00007000005db000,0x00007000006db000) (1024K)]
  0x00007fbe48305550 WorkerThread "G1 Conc#0"                       [id=16387, stack(0x00007000006de000,0x00007000007de000) (1024K)]
  0x00007fbe4c5883a0 WorkerThread "G1 Conc#1"                       [id=63235, stack(0x0000700003365000,0x0000700003465000) (1024K)]
=>0x00007fbe4c588cb0 WorkerThread "G1 Conc#2"                       [id=45571, stack(0x0000700003468000,0x0000700003568000) (1024K)]
  0x00007fbe4708c800 ConcurrentGCThread "G1 Refine#0"               [id=16899, stack(0x00007000007e1000,0x00007000008e1000) (1024K)]
  0x00007fbe45314cd0 ConcurrentGCThread "G1 Service"                [id=21507, stack(0x00007000008e4000,0x00007000009e4000) (1024K)]
Total: 21

Threads with active compile tasks:
C2 CompilerThread0  95389 37723   !   4       java.util.zip.Inflater::inflate (456 bytes)
Total: 1

VM state: not at safepoint (normal execution)

VM Mutex/Monitor currently owned by a thread: None

Heap address: 0x0000000700000000, size: 4096 MB, Compressed Oops mode: Zero based, Oop shift amount: 3

CDS archive(s) mapped at: [0x0000000132000000-0x0000000132d92000-0x0000000132d92000), size 14229504, SharedBaseAddress: 0x0000000132000000, ArchiveRelocationMode: 1.
Compressed class space mapped at: 0x0000000133000000-0x000000014d000000, reserved size: 436207616
Narrow klass base: 0x0000000132000000, Narrow klass shift: 0, Narrow klass range: 0x100000000

GC Precious Log:
 CardTable entry size: 512
 Card Set container configuration: InlinePtr #cards 4 size 8 Array Of Cards #cards 16 size 48 Howl #buckets 8 coarsen threshold 3686 Howl Bitmap #cards 512 size 80 coarsen threshold 460 Card regions per heap region 1 cards per card region 4096
 CPUs: 16 total, 16 available
 Memory: 16384M
 Large Page Support: Disabled
 NUMA Support: Disabled
 Compressed Oops: Enabled (Zero based)
 Heap Region Size: 2M
 Heap Min Capacity: 8M
 Heap Initial Capacity: 256M
 Heap Max Capacity: 4G
 Pre-touch: Disabled
 Parallel Workers: 13
 Concurrent Workers: 3
 Concurrent Refinement Workers: 13
 Periodic GC: Disabled

Heap:
 garbage-first heap   total reserved 4194304K, committed 663552K, used 533127K [0x0000000700000000, 0x0000000800000000)
  region size 2048K, 52 young (106496K), 5 survivors (10240K)
 Metaspace       used 187167K, committed 191104K, reserved 622592K
  class space    used 24946K, committed 26688K, reserved 425984K

Heap Regions: E=young(eden), S=young(survivor), O=old, HS=humongous(starts), HC=humongous(continues), CS=collection set, F=free, TAMS=top-at-mark-start, PB=parsable bottom
|   0|0x0000000700000000, 0x0000000700200000, 0x0000000700200000|100%|HS|  |TAMS 0x0000000700200000| PB 0x0000000700000000| Complete |  0
|   1|0x0000000700200000, 0x0000000700400000, 0x0000000700400000|100%|HC|  |TAMS 0x0000000700400000| PB 0x0000000700200000| Complete |  0
|   2|0x0000000700400000, 0x0000000700600000, 0x0000000700600000|100%| O|  |TAMS 0x0000000700600000| PB 0x0000000700400000| Untracked |  0
|   3|0x0000000700600000, 0x0000000700800000, 0x0000000700800000|100%| O|  |TAMS 0x0000000700800000| PB 0x0000000700600000| Untracked |  0
|   4|0x0000000700800000, 0x0000000700a00000, 0x0000000700a00000|100%| O|  |TAMS 0x0000000700a00000| PB 0x0000000700800000| Untracked |  0
|   5|0x0000000700a00000, 0x0000000700c00000, 0x0000000700c00000|100%| O|  |TAMS 0x0000000700c00000| PB 0x0000000700a00000| Untracked |  0
|   6|0x0000000700c00000, 0x0000000700e00000, 0x0000000700e00000|100%| O|  |TAMS 0x0000000700e00000| PB 0x0000000700c00000| Untracked |  0
|   7|0x0000000700e00000, 0x0000000701000000, 0x0000000701000000|100%| O|  |TAMS 0x0000000701000000| PB 0x0000000700e00000| Untracked |  0
|   8|0x0000000701000000, 0x0000000701200000, 0x0000000701200000|100%| O|  |TAMS 0x0000000701200000| PB 0x0000000701000000| Untracked |  0
|   9|0x0000000701200000, 0x0000000701400000, 0x0000000701400000|100%| O|  |TAMS 0x0000000701400000| PB 0x0000000701200000| Untracked |  0
|  10|0x0000000701400000, 0x0000000701600000, 0x0000000701600000|100%| O|  |TAMS 0x0000000701600000| PB 0x0000000701400000| Untracked |  0
|  11|0x0000000701600000, 0x0000000701800000, 0x0000000701800000|100%| O|  |TAMS 0x0000000701800000| PB 0x0000000701600000| Untracked |  0
|  12|0x0000000701800000, 0x0000000701a00000, 0x0000000701a00000|100%| O|  |TAMS 0x0000000701a00000| PB 0x0000000701800000| Untracked |  0
|  13|0x0000000701a00000, 0x0000000701c00000, 0x0000000701c00000|100%| O|  |TAMS 0x0000000701c00000| PB 0x0000000701a00000| Untracked |  0
|  14|0x0000000701c00000, 0x0000000701e00000, 0x0000000701e00000|100%| O|  |TAMS 0x0000000701e00000| PB 0x0000000701c00000| Untracked |  0
|  15|0x0000000701e00000, 0x0000000702000000, 0x0000000702000000|100%| O|  |TAMS 0x0000000702000000| PB 0x0000000701e00000| Untracked |  0
|  16|0x0000000702000000, 0x0000000702200000, 0x0000000702200000|100%| O|  |TAMS 0x0000000702200000| PB 0x0000000702000000| Untracked |  0
|  17|0x0000000702200000, 0x0000000702400000, 0x0000000702400000|100%| O|  |TAMS 0x0000000702400000| PB 0x0000000702200000| Untracked |  0
|  18|0x0000000702400000, 0x0000000702600000, 0x0000000702600000|100%| O|  |TAMS 0x0000000702600000| PB 0x0000000702400000| Untracked |  0
|  19|0x0000000702600000, 0x0000000702800000, 0x0000000702800000|100%| O|  |TAMS 0x0000000702800000| PB 0x0000000702600000| Untracked |  0
|  20|0x0000000702800000, 0x0000000702a00000, 0x0000000702a00000|100%| O|  |TAMS 0x0000000702a00000| PB 0x0000000702800000| Untracked |  0
|  21|0x0000000702a00000, 0x0000000702c00000, 0x0000000702c00000|100%| O|  |TAMS 0x0000000702c00000| PB 0x0000000702a00000| Untracked |  0
|  22|0x0000000702c00000, 0x0000000702e00000, 0x0000000702e00000|100%| O|  |TAMS 0x0000000702e00000| PB 0x0000000702c00000| Untracked |  0
|  23|0x0000000702e00000, 0x0000000703000000, 0x0000000703000000|100%| O|  |TAMS 0x0000000703000000| PB 0x0000000702e00000| Untracked |  0
|  24|0x0000000703000000, 0x0000000703200000, 0x0000000703200000|100%| O|  |TAMS 0x0000000703200000| PB 0x0000000703000000| Untracked |  0
|  25|0x0000000703200000, 0x0000000703400000, 0x0000000703400000|100%| O|  |TAMS 0x0000000703400000| PB 0x0000000703200000| Untracked |  0
|  26|0x0000000703400000, 0x0000000703600000, 0x0000000703600000|100%| O|  |TAMS 0x0000000703600000| PB 0x0000000703400000| Untracked |  0
|  27|0x0000000703600000, 0x0000000703800000, 0x0000000703800000|100%| O|  |TAMS 0x0000000703800000| PB 0x0000000703600000| Untracked |  0
|  28|0x0000000703800000, 0x0000000703a00000, 0x0000000703a00000|100%| O|  |TAMS 0x0000000703a00000| PB 0x0000000703800000| Untracked |  0
|  29|0x0000000703a00000, 0x0000000703c00000, 0x0000000703c00000|100%| O|  |TAMS 0x0000000703c00000| PB 0x0000000703a00000| Untracked |  0
|  30|0x0000000703c00000, 0x0000000703e00000, 0x0000000703e00000|100%| O|  |TAMS 0x0000000703e00000| PB 0x0000000703c00000| Untracked |  0
|  31|0x0000000703e00000, 0x0000000704000000, 0x0000000704000000|100%| O|  |TAMS 0x0000000704000000| PB 0x0000000703e00000| Untracked |  0
|  32|0x0000000704000000, 0x0000000704200000, 0x0000000704200000|100%| O|  |TAMS 0x0000000704200000| PB 0x0000000704000000| Untracked |  0
|  33|0x0000000704200000, 0x0000000704400000, 0x0000000704400000|100%| O|  |TAMS 0x0000000704400000| PB 0x0000000704200000| Untracked |  0
|  34|0x0000000704400000, 0x0000000704600000, 0x0000000704600000|100%| O|  |TAMS 0x0000000704600000| PB 0x0000000704400000| Untracked |  0
|  35|0x0000000704600000, 0x0000000704800000, 0x0000000704800000|100%|HS|  |TAMS 0x0000000704800000| PB 0x0000000704600000| Complete |  0
|  36|0x0000000704800000, 0x0000000704a00000, 0x0000000704a00000|100%|HS|  |TAMS 0x0000000704a00000| PB 0x0000000704800000| Complete |  0
|  37|0x0000000704a00000, 0x0000000704c00000, 0x0000000704c00000|100%| O|  |TAMS 0x0000000704c00000| PB 0x0000000704a00000| Untracked |  0
|  38|0x0000000704c00000, 0x0000000704e00000, 0x0000000704e00000|100%| O|  |TAMS 0x0000000704e00000| PB 0x0000000704c00000| Untracked |  0
|  39|0x0000000704e00000, 0x0000000705000000, 0x0000000705000000|100%| O|  |TAMS 0x0000000705000000| PB 0x0000000704e00000| Untracked |  0
|  40|0x0000000705000000, 0x0000000705200000, 0x0000000705200000|100%| O|  |TAMS 0x0000000705200000| PB 0x0000000705000000| Untracked |  0
|  41|0x0000000705200000, 0x0000000705400000, 0x0000000705400000|100%| O|  |TAMS 0x0000000705400000| PB 0x0000000705200000| Untracked |  0
|  42|0x0000000705400000, 0x0000000705600000, 0x0000000705600000|100%| O|  |TAMS 0x0000000705600000| PB 0x0000000705400000| Untracked |  0
|  43|0x0000000705600000, 0x0000000705800000, 0x0000000705800000|100%| O|  |TAMS 0x0000000705800000| PB 0x0000000705600000| Untracked |  0
|  44|0x0000000705800000, 0x0000000705a00000, 0x0000000705a00000|100%|HS|  |TAMS 0x0000000705a00000| PB 0x0000000705800000| Complete |  0
|  45|0x0000000705a00000, 0x0000000705c00000, 0x0000000705c00000|100%|HC|  |TAMS 0x0000000705c00000| PB 0x0000000705a00000| Complete |  0
|  46|0x0000000705c00000, 0x0000000705e00000, 0x0000000705e00000|100%| O|  |TAMS 0x0000000705e00000| PB 0x0000000705c00000| Untracked |  0
|  47|0x0000000705e00000, 0x0000000706000000, 0x0000000706000000|100%| O|  |TAMS 0x0000000706000000| PB 0x0000000705e00000| Untracked |  0
|  48|0x0000000706000000, 0x0000000706200000, 0x0000000706200000|100%| O|  |TAMS 0x0000000706000000| PB 0x0000000706000000| Untracked |  1
|  49|0x0000000706200000, 0x0000000706400000, 0x0000000706400000|100%| O|  |TAMS 0x0000000706400000| PB 0x0000000706200000| Untracked |  0
|  50|0x0000000706400000, 0x0000000706600000, 0x0000000706600000|100%| O|  |TAMS 0x0000000706600000| PB 0x0000000706400000| Untracked |  0
|  51|0x0000000706600000, 0x0000000706800000, 0x0000000706800000|100%| O|  |TAMS 0x0000000706800000| PB 0x0000000706600000| Untracked |  0
|  52|0x0000000706800000, 0x0000000706a00000, 0x0000000706a00000|100%| O|  |TAMS 0x0000000706a00000| PB 0x0000000706800000| Untracked |  0
|  53|0x0000000706a00000, 0x0000000706c00000, 0x0000000706c00000|100%| O|  |TAMS 0x0000000706c00000| PB 0x0000000706a00000| Untracked |  0
|  54|0x0000000706c00000, 0x0000000706e00000, 0x0000000706e00000|100%| O|  |TAMS 0x0000000706e00000| PB 0x0000000706c00000| Untracked |  0
|  55|0x0000000706e00000, 0x0000000707000000, 0x0000000707000000|100%| O|  |TAMS 0x0000000707000000| PB 0x0000000706e00000| Untracked |  0
|  56|0x0000000707000000, 0x0000000707200000, 0x0000000707200000|100%|HS|  |TAMS 0x0000000707200000| PB 0x0000000707000000| Complete |  0
|  57|0x0000000707200000, 0x0000000707400000, 0x0000000707400000|100%|HS|  |TAMS 0x0000000707400000| PB 0x0000000707200000| Complete |  0
|  58|0x0000000707400000, 0x0000000707600000, 0x0000000707600000|100%|HC|  |TAMS 0x0000000707600000| PB 0x0000000707400000| Complete |  0
|  59|0x0000000707600000, 0x0000000707800000, 0x0000000707800000|100%| O|  |TAMS 0x0000000707800000| PB 0x0000000707600000| Untracked |  0
|  60|0x0000000707800000, 0x0000000707a00000, 0x0000000707a00000|100%| O|  |TAMS 0x0000000707a00000| PB 0x0000000707800000| Untracked |  0
|  61|0x0000000707a00000, 0x0000000707c00000, 0x0000000707c00000|100%| O|  |TAMS 0x0000000707c00000| PB 0x0000000707a00000| Untracked |  0
|  62|0x0000000707c00000, 0x0000000707e00000, 0x0000000707e00000|100%| O|  |TAMS 0x0000000707e00000| PB 0x0000000707c00000| Untracked |  0
|  63|0x0000000707e00000, 0x0000000708000000, 0x0000000708000000|100%| O|  |TAMS 0x0000000708000000| PB 0x0000000707e00000| Untracked |  0
|  64|0x0000000708000000, 0x0000000708200000, 0x0000000708200000|100%| O|  |TAMS 0x0000000708200000| PB 0x0000000708000000| Untracked |  0
|  65|0x0000000708200000, 0x0000000708400000, 0x0000000708400000|100%| O|  |TAMS 0x0000000708400000| PB 0x0000000708200000| Untracked |  0
|  66|0x0000000708400000, 0x0000000708600000, 0x0000000708600000|100%| O|  |TAMS 0x0000000708600000| PB 0x0000000708400000| Untracked |  0
|  67|0x0000000708600000, 0x0000000708800000, 0x0000000708800000|100%| O|  |TAMS 0x0000000708800000| PB 0x0000000708600000| Untracked |  0
|  68|0x0000000708800000, 0x0000000708a00000, 0x0000000708a00000|100%| O|  |TAMS 0x0000000708a00000| PB 0x0000000708800000| Untracked |  0
|  69|0x0000000708a00000, 0x0000000708c00000, 0x0000000708c00000|100%| O|  |TAMS 0x0000000708c00000| PB 0x0000000708a00000| Untracked |  0
|  70|0x0000000708c00000, 0x0000000708e00000, 0x0000000708e00000|100%| O|  |TAMS 0x0000000708e00000| PB 0x0000000708c00000| Untracked |  0
|  71|0x0000000708e00000, 0x0000000709000000, 0x0000000709000000|100%| O|  |TAMS 0x0000000709000000| PB 0x0000000708e00000| Untracked |  0
|  72|0x0000000709000000, 0x0000000709200000, 0x0000000709200000|100%| O|  |TAMS 0x0000000709200000| PB 0x0000000709000000| Untracked |  0
|  73|0x0000000709200000, 0x0000000709400000, 0x0000000709400000|100%| O|  |TAMS 0x0000000709400000| PB 0x0000000709200000| Untracked |  0
|  74|0x0000000709400000, 0x0000000709600000, 0x0000000709600000|100%| O|  |TAMS 0x0000000709600000| PB 0x0000000709400000| Untracked |  0
|  75|0x0000000709600000, 0x0000000709800000, 0x0000000709800000|100%| O|  |TAMS 0x0000000709800000| PB 0x0000000709600000| Untracked |  0
|  76|0x0000000709800000, 0x0000000709a00000, 0x0000000709a00000|100%| O|  |TAMS 0x0000000709a00000| PB 0x0000000709800000| Untracked |  0
|  77|0x0000000709a00000, 0x0000000709c00000, 0x0000000709c00000|100%| O|  |TAMS 0x0000000709c00000| PB 0x0000000709a00000| Untracked |  0
|  78|0x0000000709c00000, 0x0000000709e00000, 0x0000000709e00000|100%| O|  |TAMS 0x0000000709e00000| PB 0x0000000709c00000| Untracked |  0
|  79|0x0000000709e00000, 0x000000070a000000, 0x000000070a000000|100%| O|  |TAMS 0x000000070a000000| PB 0x0000000709e00000| Untracked |  0
|  80|0x000000070a000000, 0x000000070a200000, 0x000000070a200000|100%| O|  |TAMS 0x000000070a200000| PB 0x000000070a000000| Untracked |  0
|  81|0x000000070a200000, 0x000000070a400000, 0x000000070a400000|100%| O|  |TAMS 0x000000070a400000| PB 0x000000070a200000| Untracked |  0
|  82|0x000000070a400000, 0x000000070a600000, 0x000000070a600000|100%| O|  |TAMS 0x000000070a600000| PB 0x000000070a400000| Untracked |  0
|  83|0x000000070a600000, 0x000000070a800000, 0x000000070a800000|100%|HS|  |TAMS 0x000000070a800000| PB 0x000000070a600000| Complete |  0
|  84|0x000000070a800000, 0x000000070aa00000, 0x000000070aa00000|100%| O|  |TAMS 0x000000070aa00000| PB 0x000000070a800000| Untracked |  0
|  85|0x000000070aa00000, 0x000000070ac00000, 0x000000070ac00000|100%| O|  |TAMS 0x000000070ac00000| PB 0x000000070aa00000| Untracked |  0
|  86|0x000000070ac00000, 0x000000070ae00000, 0x000000070ae00000|100%| O|  |TAMS 0x000000070ae00000| PB 0x000000070ac00000| Untracked |  0
|  87|0x000000070ae00000, 0x000000070b000000, 0x000000070b000000|100%| O|  |TAMS 0x000000070b000000| PB 0x000000070ae00000| Untracked |  0
|  88|0x000000070b000000, 0x000000070b200000, 0x000000070b200000|100%| O|  |TAMS 0x000000070b200000| PB 0x000000070b000000| Untracked |  0
|  89|0x000000070b200000, 0x000000070b400000, 0x000000070b400000|100%| O|  |TAMS 0x000000070b400000| PB 0x000000070b200000| Untracked |  0
|  90|0x000000070b400000, 0x000000070b600000, 0x000000070b600000|100%| O|  |TAMS 0x000000070b600000| PB 0x000000070b400000| Untracked |  0
|  91|0x000000070b600000, 0x000000070b800000, 0x000000070b800000|100%| O|  |TAMS 0x000000070b800000| PB 0x000000070b600000| Untracked |  0
|  92|0x000000070b800000, 0x000000070ba00000, 0x000000070ba00000|100%| O|  |TAMS 0x000000070ba00000| PB 0x000000070b800000| Untracked |  0
|  93|0x000000070ba00000, 0x000000070bc00000, 0x000000070bc00000|100%| O|  |TAMS 0x000000070bc00000| PB 0x000000070ba00000| Untracked |  0
|  94|0x000000070bc00000, 0x000000070be00000, 0x000000070be00000|100%|HS|  |TAMS 0x000000070be00000| PB 0x000000070bc00000| Complete |  0
|  95|0x000000070be00000, 0x000000070c000000, 0x000000070c000000|100%|HS|  |TAMS 0x000000070c000000| PB 0x000000070be00000| Complete |  0
|  96|0x000000070c000000, 0x000000070c200000, 0x000000070c200000|100%| O|  |TAMS 0x000000070c200000| PB 0x000000070c000000| Untracked |  0
|  97|0x000000070c200000, 0x000000070c400000, 0x000000070c400000|100%| O|  |TAMS 0x000000070c200000| PB 0x000000070c200000| Untracked |  0
|  98|0x000000070c400000, 0x000000070c600000, 0x000000070c600000|100%| O|  |TAMS 0x000000070c400000| PB 0x000000070c400000| Untracked |  0
|  99|0x000000070c600000, 0x000000070c800000, 0x000000070c800000|100%| O|  |TAMS 0x000000070c800000| PB 0x000000070c600000| Untracked |  0
| 100|0x000000070c800000, 0x000000070ca00000, 0x000000070ca00000|100%| O|  |TAMS 0x000000070ca00000| PB 0x000000070c800000| Untracked |  0
| 101|0x000000070ca00000, 0x000000070cc00000, 0x000000070cc00000|100%| O|  |TAMS 0x000000070cc00000| PB 0x000000070ca00000| Untracked |  0
| 102|0x000000070cc00000, 0x000000070ce00000, 0x000000070ce00000|100%| O|  |TAMS 0x000000070ce00000| PB 0x000000070cc00000| Untracked |  0
| 103|0x000000070ce00000, 0x000000070d000000, 0x000000070d000000|100%| O|  |TAMS 0x000000070d000000| PB 0x000000070ce00000| Untracked |  0
| 104|0x000000070d000000, 0x000000070d200000, 0x000000070d200000|100%| O|  |TAMS 0x000000070d000000| PB 0x000000070d000000| Untracked |  0
| 105|0x000000070d200000, 0x000000070d400000, 0x000000070d400000|100%|HS|  |TAMS 0x000000070d400000| PB 0x000000070d200000| Complete |  0
| 106|0x000000070d400000, 0x000000070d600000, 0x000000070d600000|100%|HC|  |TAMS 0x000000070d600000| PB 0x000000070d400000| Complete |  0
| 107|0x000000070d600000, 0x000000070d800000, 0x000000070d800000|100%| O|  |TAMS 0x000000070d800000| PB 0x000000070d600000| Untracked |  0
| 108|0x000000070d800000, 0x000000070da00000, 0x000000070da00000|100%| O|  |TAMS 0x000000070da00000| PB 0x000000070d800000| Untracked |  0
| 109|0x000000070da00000, 0x000000070dc00000, 0x000000070dc00000|100%| O|  |TAMS 0x000000070dc00000| PB 0x000000070da00000| Untracked |  0
| 110|0x000000070dc00000, 0x000000070de00000, 0x000000070de00000|100%| O|  |TAMS 0x000000070de00000| PB 0x000000070dc00000| Untracked |  0
| 111|0x000000070de00000, 0x000000070e000000, 0x000000070e000000|100%| O|  |TAMS 0x000000070de00000| PB 0x000000070de00000| Untracked |  0
| 112|0x000000070e000000, 0x000000070e200000, 0x000000070e200000|100%| O|  |TAMS 0x000000070e200000| PB 0x000000070e000000| Untracked |  0
| 113|0x000000070e200000, 0x000000070e400000, 0x000000070e400000|100%| O|  |TAMS 0x000000070e400000| PB 0x000000070e200000| Untracked |  0
| 114|0x000000070e400000, 0x000000070e600000, 0x000000070e600000|100%| O|  |TAMS 0x000000070e600000| PB 0x000000070e400000| Untracked |  0
| 115|0x000000070e600000, 0x000000070e800000, 0x000000070e800000|100%| O|  |TAMS 0x000000070e800000| PB 0x000000070e600000| Untracked |  0
| 116|0x000000070e800000, 0x000000070ea00000, 0x000000070ea00000|100%| O|  |TAMS 0x000000070ea00000| PB 0x000000070e800000| Untracked |  0
| 117|0x000000070ea00000, 0x000000070ec00000, 0x000000070ec00000|100%| O|  |TAMS 0x000000070ec00000| PB 0x000000070ea00000| Untracked |  0
| 118|0x000000070ec00000, 0x000000070ee00000, 0x000000070ee00000|100%| O|  |TAMS 0x000000070ec00000| PB 0x000000070ec00000| Untracked |  0
| 119|0x000000070ee00000, 0x000000070f000000, 0x000000070f000000|100%| O|  |TAMS 0x000000070f000000| PB 0x000000070ee00000| Untracked |  0
| 120|0x000000070f000000, 0x000000070f200000, 0x000000070f200000|100%| O|  |TAMS 0x000000070f200000| PB 0x000000070f000000| Untracked |  0
| 121|0x000000070f200000, 0x000000070f400000, 0x000000070f400000|100%| O|  |TAMS 0x000000070f400000| PB 0x000000070f200000| Untracked |  0
| 122|0x000000070f400000, 0x000000070f600000, 0x000000070f600000|100%| O|  |TAMS 0x000000070f600000| PB 0x000000070f400000| Untracked |  0
| 123|0x000000070f600000, 0x000000070f800000, 0x000000070f800000|100%| O|  |TAMS 0x000000070f800000| PB 0x000000070f600000| Untracked |  0
| 124|0x000000070f800000, 0x000000070fa00000, 0x000000070fa00000|100%| O|  |TAMS 0x000000070fa00000| PB 0x000000070f800000| Untracked |  0
| 125|0x000000070fa00000, 0x000000070fc00000, 0x000000070fc00000|100%| O|  |TAMS 0x000000070fc00000| PB 0x000000070fa00000| Untracked |  0
| 126|0x000000070fc00000, 0x000000070fe00000, 0x000000070fe00000|100%| O|  |TAMS 0x000000070fe00000| PB 0x000000070fc00000| Untracked |  0
| 127|0x000000070fe00000, 0x0000000710000000, 0x0000000710000000|100%| O|  |TAMS 0x0000000710000000| PB 0x000000070fe00000| Untracked |  0
| 128|0x0000000710000000, 0x0000000710200000, 0x0000000710200000|100%| O|  |TAMS 0x0000000710200000| PB 0x0000000710000000| Untracked |  0
| 129|0x0000000710200000, 0x0000000710400000, 0x0000000710400000|100%| O|  |TAMS 0x0000000710400000| PB 0x0000000710200000| Untracked |  0
| 130|0x0000000710400000, 0x0000000710600000, 0x0000000710600000|100%| O|  |TAMS 0x0000000710600000| PB 0x0000000710400000| Untracked |  0
| 131|0x0000000710600000, 0x0000000710800000, 0x0000000710800000|100%| O|  |TAMS 0x0000000710800000| PB 0x0000000710600000| Untracked |  0
| 132|0x0000000710800000, 0x0000000710a00000, 0x0000000710a00000|100%| O|  |TAMS 0x0000000710a00000| PB 0x0000000710800000| Untracked |  0
| 133|0x0000000710a00000, 0x0000000710c00000, 0x0000000710c00000|100%| O|  |TAMS 0x0000000710c00000| PB 0x0000000710a00000| Untracked |  0
| 134|0x0000000710c00000, 0x0000000710e00000, 0x0000000710e00000|100%| O|  |TAMS 0x0000000710e00000| PB 0x0000000710c00000| Untracked |  0
| 135|0x0000000710e00000, 0x0000000711000000, 0x0000000711000000|100%| O|  |TAMS 0x0000000711000000| PB 0x0000000710e00000| Untracked |  0
| 136|0x0000000711000000, 0x0000000711200000, 0x0000000711200000|100%| O|  |TAMS 0x0000000711200000| PB 0x0000000711000000| Untracked |  0
| 137|0x0000000711200000, 0x0000000711400000, 0x0000000711400000|100%| O|  |TAMS 0x0000000711400000| PB 0x0000000711200000| Untracked |  0
| 138|0x0000000711400000, 0x0000000711600000, 0x0000000711600000|100%| O|  |TAMS 0x0000000711600000| PB 0x0000000711400000| Untracked |  0
| 139|0x0000000711600000, 0x0000000711800000, 0x0000000711800000|100%| O|  |TAMS 0x0000000711800000| PB 0x0000000711600000| Untracked |  0
| 140|0x0000000711800000, 0x0000000711a00000, 0x0000000711a00000|100%| O|  |TAMS 0x0000000711a00000| PB 0x0000000711800000| Untracked |  0
| 141|0x0000000711a00000, 0x0000000711c00000, 0x0000000711c00000|100%| O|  |TAMS 0x0000000711c00000| PB 0x0000000711a00000| Untracked |  0
| 142|0x0000000711c00000, 0x0000000711e00000, 0x0000000711e00000|100%| O|  |TAMS 0x0000000711e00000| PB 0x0000000711c00000| Untracked |  0
| 143|0x0000000711e00000, 0x0000000712000000, 0x0000000712000000|100%| O|  |TAMS 0x0000000712000000| PB 0x0000000711e00000| Untracked |  0
| 144|0x0000000712000000, 0x0000000712200000, 0x0000000712200000|100%| O|  |TAMS 0x0000000712200000| PB 0x0000000712000000| Untracked |  0
| 145|0x0000000712200000, 0x0000000712400000, 0x0000000712400000|100%| O|  |TAMS 0x0000000712400000| PB 0x0000000712200000| Untracked |  0
| 146|0x0000000712400000, 0x0000000712600000, 0x0000000712600000|100%| O|  |TAMS 0x0000000712600000| PB 0x0000000712400000| Untracked |  0
| 147|0x0000000712600000, 0x0000000712800000, 0x0000000712800000|100%| O|  |TAMS 0x0000000712800000| PB 0x0000000712600000| Untracked |  0
| 148|0x0000000712800000, 0x0000000712a00000, 0x0000000712a00000|100%| O|  |TAMS 0x0000000712a00000| PB 0x0000000712800000| Untracked |  0
| 149|0x0000000712a00000, 0x0000000712c00000, 0x0000000712c00000|100%| O|  |TAMS 0x0000000712c00000| PB 0x0000000712a00000| Untracked |  0
| 150|0x0000000712c00000, 0x0000000712e00000, 0x0000000712e00000|100%| O|  |TAMS 0x0000000712e00000| PB 0x0000000712c00000| Untracked |  0
| 151|0x0000000712e00000, 0x0000000713000000, 0x0000000713000000|100%| O|  |TAMS 0x0000000713000000| PB 0x0000000712e00000| Untracked |  0
| 152|0x0000000713000000, 0x0000000713200000, 0x0000000713200000|100%| O|  |TAMS 0x0000000713200000| PB 0x0000000713000000| Untracked |  0
| 153|0x0000000713200000, 0x0000000713400000, 0x0000000713400000|100%| O|  |TAMS 0x0000000713400000| PB 0x0000000713200000| Untracked |  0
| 154|0x0000000713400000, 0x0000000713600000, 0x0000000713600000|100%| O|  |TAMS 0x0000000713600000| PB 0x0000000713400000| Untracked |  0
| 155|0x0000000713600000, 0x0000000713800000, 0x0000000713800000|100%| O|  |TAMS 0x0000000713800000| PB 0x0000000713600000| Untracked |  0
| 156|0x0000000713800000, 0x0000000713a00000, 0x0000000713a00000|100%| O|  |TAMS 0x0000000713a00000| PB 0x0000000713800000| Untracked |  0
| 157|0x0000000713a00000, 0x0000000713c00000, 0x0000000713c00000|100%| O|  |TAMS 0x0000000713c00000| PB 0x0000000713a00000| Untracked |  0
| 158|0x0000000713c00000, 0x0000000713e00000, 0x0000000713e00000|100%| O|  |TAMS 0x0000000713e00000| PB 0x0000000713c00000| Untracked |  0
| 159|0x0000000713e00000, 0x0000000714000000, 0x0000000714000000|100%| O|  |TAMS 0x0000000714000000| PB 0x0000000713e00000| Untracked |  0
| 160|0x0000000714000000, 0x0000000714200000, 0x0000000714200000|100%| O|  |TAMS 0x0000000714200000| PB 0x0000000714000000| Untracked |  0
| 161|0x0000000714200000, 0x0000000714400000, 0x0000000714400000|100%| O|  |TAMS 0x0000000714400000| PB 0x0000000714200000| Untracked |  0
| 162|0x0000000714400000, 0x0000000714600000, 0x0000000714600000|100%| O|  |TAMS 0x0000000714600000| PB 0x0000000714400000| Untracked |  0
| 163|0x0000000714600000, 0x0000000714800000, 0x0000000714800000|100%| O|  |TAMS 0x0000000714800000| PB 0x0000000714600000| Untracked |  0
| 164|0x0000000714800000, 0x0000000714a00000, 0x0000000714a00000|100%| O|  |TAMS 0x0000000714a00000| PB 0x0000000714800000| Untracked |  0
| 165|0x0000000714a00000, 0x0000000714c00000, 0x0000000714c00000|100%| O|  |TAMS 0x0000000714c00000| PB 0x0000000714a00000| Untracked |  0
| 166|0x0000000714c00000, 0x0000000714e00000, 0x0000000714e00000|100%| O|  |TAMS 0x0000000714e00000| PB 0x0000000714c00000| Untracked |  0
| 167|0x0000000714e00000, 0x0000000715000000, 0x0000000715000000|100%| O|  |TAMS 0x0000000715000000| PB 0x0000000714e00000| Untracked |  0
| 168|0x0000000715000000, 0x0000000715200000, 0x0000000715200000|100%| O|  |TAMS 0x0000000715200000| PB 0x0000000715000000| Untracked |  0
| 169|0x0000000715200000, 0x0000000715400000, 0x0000000715400000|100%| O|  |TAMS 0x0000000715400000| PB 0x0000000715200000| Untracked |  0
| 170|0x0000000715400000, 0x0000000715600000, 0x0000000715600000|100%| O|  |TAMS 0x0000000715600000| PB 0x0000000715400000| Untracked |  0
| 171|0x0000000715600000, 0x0000000715800000, 0x0000000715800000|100%| O|  |TAMS 0x0000000715800000| PB 0x0000000715600000| Untracked |  0
| 172|0x0000000715800000, 0x0000000715a00000, 0x0000000715a00000|100%| O|  |TAMS 0x0000000715a00000| PB 0x0000000715800000| Untracked |  0
| 173|0x0000000715a00000, 0x0000000715c00000, 0x0000000715c00000|100%| O|  |TAMS 0x0000000715a00000| PB 0x0000000715a00000| Untracked |  0
| 174|0x0000000715c00000, 0x0000000715e00000, 0x0000000715e00000|100%| O|  |TAMS 0x0000000715e00000| PB 0x0000000715c00000| Untracked |  0
| 175|0x0000000715e00000, 0x0000000716000000, 0x0000000716000000|100%| O|  |TAMS 0x0000000716000000| PB 0x0000000715e00000| Untracked |  0
| 176|0x0000000716000000, 0x0000000716200000, 0x0000000716200000|100%| O|  |TAMS 0x0000000716200000| PB 0x0000000716000000| Untracked |  0
| 177|0x0000000716200000, 0x0000000716400000, 0x0000000716400000|100%| O|  |TAMS 0x0000000716400000| PB 0x0000000716200000| Untracked |  0
| 178|0x0000000716400000, 0x0000000716600000, 0x0000000716600000|100%| O|  |TAMS 0x0000000716600000| PB 0x0000000716400000| Untracked |  0
| 179|0x0000000716600000, 0x0000000716800000, 0x0000000716800000|100%| O|  |TAMS 0x0000000716800000| PB 0x0000000716600000| Untracked |  0
| 180|0x0000000716800000, 0x0000000716a00000, 0x0000000716a00000|100%| O|  |TAMS 0x0000000716a00000| PB 0x0000000716800000| Untracked |  0
| 181|0x0000000716a00000, 0x0000000716c00000, 0x0000000716c00000|100%| O|  |TAMS 0x0000000716c00000| PB 0x0000000716a00000| Untracked |  0
| 182|0x0000000716c00000, 0x0000000716e00000, 0x0000000716e00000|100%| O|  |TAMS 0x0000000716e00000| PB 0x0000000716c00000| Untracked |  0
| 183|0x0000000716e00000, 0x0000000717000000, 0x0000000717000000|100%| O|  |TAMS 0x0000000717000000| PB 0x0000000716e00000| Untracked |  0
| 184|0x0000000717000000, 0x0000000717200000, 0x0000000717200000|100%| O|  |TAMS 0x0000000717200000| PB 0x0000000717000000| Untracked |  0
| 185|0x0000000717200000, 0x0000000717400000, 0x0000000717400000|100%| O|  |TAMS 0x0000000717400000| PB 0x0000000717200000| Untracked |  0
| 186|0x0000000717400000, 0x0000000717600000, 0x0000000717600000|100%| O|  |TAMS 0x0000000717600000| PB 0x0000000717400000| Untracked |  0
| 187|0x0000000717600000, 0x0000000717800000, 0x0000000717800000|100%| O|  |TAMS 0x0000000717800000| PB 0x0000000717600000| Untracked |  0
| 188|0x0000000717800000, 0x0000000717a00000, 0x0000000717a00000|100%| O|  |TAMS 0x0000000717a00000| PB 0x0000000717800000| Untracked |  0
| 189|0x0000000717a00000, 0x0000000717c00000, 0x0000000717c00000|100%| O|  |TAMS 0x0000000717c00000| PB 0x0000000717a00000| Untracked |  0
| 190|0x0000000717c00000, 0x0000000717e00000, 0x0000000717e00000|100%| O|  |TAMS 0x0000000717e00000| PB 0x0000000717c00000| Untracked |  0
| 191|0x0000000717e00000, 0x0000000718000000, 0x0000000718000000|100%| O|  |TAMS 0x0000000718000000| PB 0x0000000717e00000| Untracked |  0
| 192|0x0000000718000000, 0x0000000718200000, 0x0000000718200000|100%| O|  |TAMS 0x0000000718200000| PB 0x0000000718000000| Untracked |  0
| 193|0x0000000718200000, 0x0000000718400000, 0x0000000718400000|100%| O|  |TAMS 0x0000000718400000| PB 0x0000000718200000| Untracked |  0
| 194|0x0000000718400000, 0x0000000718600000, 0x0000000718600000|100%| O|  |TAMS 0x0000000718600000| PB 0x0000000718400000| Untracked |  0
| 195|0x0000000718600000, 0x0000000718800000, 0x0000000718800000|100%| O|  |TAMS 0x0000000718800000| PB 0x0000000718600000| Untracked |  0
| 196|0x0000000718800000, 0x0000000718a00000, 0x0000000718a00000|100%| O|  |TAMS 0x0000000718a00000| PB 0x0000000718800000| Untracked |  0
| 197|0x0000000718a00000, 0x0000000718c00000, 0x0000000718c00000|100%| O|  |TAMS 0x0000000718c00000| PB 0x0000000718a00000| Untracked |  0
| 198|0x0000000718c00000, 0x0000000718e00000, 0x0000000718e00000|100%| O|  |TAMS 0x0000000718e00000| PB 0x0000000718c00000| Untracked |  0
| 199|0x0000000718e00000, 0x0000000719000000, 0x0000000719000000|100%| O|  |TAMS 0x0000000719000000| PB 0x0000000718e00000| Untracked |  0
| 200|0x0000000719000000, 0x0000000719200000, 0x0000000719200000|100%| O|  |TAMS 0x0000000719200000| PB 0x0000000719000000| Untracked |  0
| 201|0x0000000719200000, 0x0000000719400000, 0x0000000719400000|100%| O|  |TAMS 0x0000000719400000| PB 0x0000000719200000| Untracked |  0
| 202|0x0000000719400000, 0x0000000719600000, 0x0000000719600000|100%| O|  |TAMS 0x0000000719600000| PB 0x0000000719400000| Untracked |  0
| 203|0x0000000719600000, 0x0000000719800000, 0x0000000719800000|100%| O|  |TAMS 0x0000000719800000| PB 0x0000000719600000| Untracked |  0
| 204|0x0000000719800000, 0x0000000719a00000, 0x0000000719a00000|100%| O|  |TAMS 0x0000000719a00000| PB 0x0000000719800000| Untracked |  0
| 205|0x0000000719a00000, 0x0000000719c00000, 0x0000000719c00000|100%| O|  |TAMS 0x0000000719c00000| PB 0x0000000719a00000| Untracked |  0
| 206|0x0000000719c00000, 0x0000000719e00000, 0x0000000719e00000|100%| O|  |TAMS 0x0000000719e00000| PB 0x0000000719c00000| Untracked |  0
| 207|0x0000000719e00000, 0x000000071a000000, 0x000000071a000000|100%| O|  |TAMS 0x000000071a000000| PB 0x0000000719e00000| Untracked |  0
| 208|0x000000071a000000, 0x000000071a200000, 0x000000071a200000|100%| O|  |TAMS 0x000000071a1850e0| PB 0x000000071a000000| Untracked |  0
| 209|0x000000071a200000, 0x000000071a400000, 0x000000071a400000|100%| O|  |TAMS 0x000000071a200000| PB 0x000000071a200000| Untracked |  0
| 210|0x000000071a400000, 0x000000071a58c040, 0x000000071a600000| 77%| O|  |TAMS 0x000000071a400000| PB 0x000000071a400000| Untracked |  0
| 211|0x000000071a600000, 0x000000071a600000, 0x000000071a800000|  0%| F|  |TAMS 0x000000071a600000| PB 0x000000071a600000| Untracked |  0
| 212|0x000000071a800000, 0x000000071a800000, 0x000000071aa00000|  0%| F|  |TAMS 0x000000071a800000| PB 0x000000071a800000| Untracked |  0
| 213|0x000000071aa00000, 0x000000071aa00000, 0x000000071ac00000|  0%| F|  |TAMS 0x000000071aa00000| PB 0x000000071aa00000| Untracked |  0
| 214|0x000000071ac00000, 0x000000071ac00000, 0x000000071ae00000|  0%| F|  |TAMS 0x000000071ac00000| PB 0x000000071ac00000| Untracked |  0
| 215|0x000000071ae00000, 0x000000071ae00000, 0x000000071b000000|  0%| F|  |TAMS 0x000000071ae00000| PB 0x000000071ae00000| Untracked |  0
| 216|0x000000071b000000, 0x000000071b000000, 0x000000071b200000|  0%| F|  |TAMS 0x000000071b000000| PB 0x000000071b000000| Untracked |  0
| 217|0x000000071b200000, 0x000000071b200000, 0x000000071b400000|  0%| F|  |TAMS 0x000000071b200000| PB 0x000000071b200000| Untracked |  0
| 218|0x000000071b400000, 0x000000071b400000, 0x000000071b600000|  0%| F|  |TAMS 0x000000071b400000| PB 0x000000071b400000| Untracked |  0
| 219|0x000000071b600000, 0x000000071b600000, 0x000000071b800000|  0%| F|  |TAMS 0x000000071b600000| PB 0x000000071b600000| Untracked |  0
| 220|0x000000071b800000, 0x000000071b800000, 0x000000071ba00000|  0%| F|  |TAMS 0x000000071b800000| PB 0x000000071b800000| Untracked |  0
| 221|0x000000071ba00000, 0x000000071ba00000, 0x000000071bc00000|  0%| F|  |TAMS 0x000000071ba00000| PB 0x000000071ba00000| Untracked |  0
| 222|0x000000071bc00000, 0x000000071bc00000, 0x000000071be00000|  0%| F|  |TAMS 0x000000071bc00000| PB 0x000000071bc00000| Untracked |  0
| 223|0x000000071be00000, 0x000000071be00000, 0x000000071c000000|  0%| F|  |TAMS 0x000000071be00000| PB 0x000000071be00000| Untracked |  0
| 224|0x000000071c000000, 0x000000071c000000, 0x000000071c200000|  0%| F|  |TAMS 0x000000071c000000| PB 0x000000071c000000| Untracked |  0
| 225|0x000000071c200000, 0x000000071c200000, 0x000000071c400000|  0%| F|  |TAMS 0x000000071c200000| PB 0x000000071c200000| Untracked |  0
| 226|0x000000071c400000, 0x000000071c400000, 0x000000071c600000|  0%| F|  |TAMS 0x000000071c400000| PB 0x000000071c400000| Untracked |  0
| 227|0x000000071c600000, 0x000000071c600000, 0x000000071c800000|  0%| F|  |TAMS 0x000000071c600000| PB 0x000000071c600000| Untracked |  0
| 228|0x000000071c800000, 0x000000071c800000, 0x000000071ca00000|  0%| F|  |TAMS 0x000000071c800000| PB 0x000000071c800000| Untracked |  0
| 229|0x000000071ca00000, 0x000000071ca00000, 0x000000071cc00000|  0%| F|  |TAMS 0x000000071ca00000| PB 0x000000071ca00000| Untracked |  0
| 230|0x000000071cc00000, 0x000000071cc00000, 0x000000071ce00000|  0%| F|  |TAMS 0x000000071cc00000| PB 0x000000071cc00000| Untracked |  0
| 231|0x000000071ce00000, 0x000000071ce00000, 0x000000071d000000|  0%| F|  |TAMS 0x000000071ce00000| PB 0x000000071ce00000| Untracked |  0
| 232|0x000000071d000000, 0x000000071d000000, 0x000000071d200000|  0%| F|  |TAMS 0x000000071d000000| PB 0x000000071d000000| Untracked |  0
| 233|0x000000071d200000, 0x000000071d200000, 0x000000071d400000|  0%| F|  |TAMS 0x000000071d200000| PB 0x000000071d200000| Untracked |  0
| 234|0x000000071d400000, 0x000000071d400000, 0x000000071d600000|  0%| F|  |TAMS 0x000000071d400000| PB 0x000000071d400000| Untracked |  0
| 235|0x000000071d600000, 0x000000071d600000, 0x000000071d800000|  0%| F|  |TAMS 0x000000071d600000| PB 0x000000071d600000| Untracked |  0
| 236|0x000000071d800000, 0x000000071d800000, 0x000000071da00000|  0%| F|  |TAMS 0x000000071d800000| PB 0x000000071d800000| Untracked |  0
| 237|0x000000071da00000, 0x000000071da00000, 0x000000071dc00000|  0%| F|  |TAMS 0x000000071da00000| PB 0x000000071da00000| Untracked |  0
| 238|0x000000071dc00000, 0x000000071dc00000, 0x000000071de00000|  0%| F|  |TAMS 0x000000071dc00000| PB 0x000000071dc00000| Untracked |  0
| 239|0x000000071de00000, 0x000000071df15ce0, 0x000000071e000000| 54%| S|CS|TAMS 0x000000071de00000| PB 0x000000071de00000| Complete |  0
| 240|0x000000071e000000, 0x000000071e200000, 0x000000071e200000|100%| S|CS|TAMS 0x000000071e000000| PB 0x000000071e000000| Complete |  0
| 241|0x000000071e200000, 0x000000071e400000, 0x000000071e400000|100%| S|CS|TAMS 0x000000071e200000| PB 0x000000071e200000| Complete |  0
| 242|0x000000071e400000, 0x000000071e600000, 0x000000071e600000|100%| S|CS|TAMS 0x000000071e400000| PB 0x000000071e400000| Complete |  0
| 243|0x000000071e600000, 0x000000071e800000, 0x000000071e800000|100%| S|CS|TAMS 0x000000071e600000| PB 0x000000071e600000| Complete |  0
| 244|0x000000071e800000, 0x000000071e800000, 0x000000071ea00000|  0%| F|  |TAMS 0x000000071e800000| PB 0x000000071e800000| Untracked |  0
| 245|0x000000071ea00000, 0x000000071ea00000, 0x000000071ec00000|  0%| F|  |TAMS 0x000000071ea00000| PB 0x000000071ea00000| Untracked |  0
| 246|0x000000071ec00000, 0x000000071ec00000, 0x000000071ee00000|  0%| F|  |TAMS 0x000000071ec00000| PB 0x000000071ec00000| Untracked |  0
| 247|0x000000071ee00000, 0x000000071ee00000, 0x000000071f000000|  0%| F|  |TAMS 0x000000071ee00000| PB 0x000000071ee00000| Untracked |  0
| 248|0x000000071f000000, 0x000000071f000000, 0x000000071f200000|  0%| F|  |TAMS 0x000000071f000000| PB 0x000000071f000000| Untracked |  0
| 249|0x000000071f200000, 0x000000071f200000, 0x000000071f400000|  0%| F|  |TAMS 0x000000071f200000| PB 0x000000071f200000| Untracked |  0
| 250|0x000000071f400000, 0x000000071f400000, 0x000000071f600000|  0%| F|  |TAMS 0x000000071f400000| PB 0x000000071f400000| Untracked |  0
| 251|0x000000071f600000, 0x000000071f600000, 0x000000071f800000|  0%| F|  |TAMS 0x000000071f600000| PB 0x000000071f600000| Untracked |  0
| 252|0x000000071f800000, 0x000000071f800000, 0x000000071fa00000|  0%| F|  |TAMS 0x000000071f800000| PB 0x000000071f800000| Untracked |  0
| 253|0x000000071fa00000, 0x000000071fa00000, 0x000000071fc00000|  0%| F|  |TAMS 0x000000071fa00000| PB 0x000000071fa00000| Untracked |  0
| 254|0x000000071fc00000, 0x000000071fc00000, 0x000000071fe00000|  0%| F|  |TAMS 0x000000071fc00000| PB 0x000000071fc00000| Untracked |  0
| 255|0x000000071fe00000, 0x000000071fe00000, 0x0000000720000000|  0%| F|  |TAMS 0x000000071fe00000| PB 0x000000071fe00000| Untracked |  0
| 256|0x0000000720000000, 0x0000000720000000, 0x0000000720200000|  0%| F|  |TAMS 0x0000000720000000| PB 0x0000000720000000| Untracked |  0
| 257|0x0000000720200000, 0x0000000720200000, 0x0000000720400000|  0%| F|  |TAMS 0x0000000720200000| PB 0x0000000720200000| Untracked |  0
| 258|0x0000000720400000, 0x0000000720400000, 0x0000000720600000|  0%| F|  |TAMS 0x0000000720400000| PB 0x0000000720400000| Untracked |  0
| 259|0x0000000720600000, 0x0000000720600000, 0x0000000720800000|  0%| F|  |TAMS 0x0000000720600000| PB 0x0000000720600000| Untracked |  0
| 260|0x0000000720800000, 0x0000000720800000, 0x0000000720a00000|  0%| F|  |TAMS 0x0000000720800000| PB 0x0000000720800000| Untracked |  0
| 261|0x0000000720a00000, 0x0000000720a00000, 0x0000000720c00000|  0%| F|  |TAMS 0x0000000720a00000| PB 0x0000000720a00000| Untracked |  0
| 262|0x0000000720c00000, 0x0000000720c00000, 0x0000000720e00000|  0%| F|  |TAMS 0x0000000720c00000| PB 0x0000000720c00000| Untracked |  0
| 263|0x0000000720e00000, 0x0000000720e00000, 0x0000000721000000|  0%| F|  |TAMS 0x0000000720e00000| PB 0x0000000720e00000| Untracked |  0
| 264|0x0000000721000000, 0x0000000721000000, 0x0000000721200000|  0%| F|  |TAMS 0x0000000721000000| PB 0x0000000721000000| Untracked |  0
| 265|0x0000000721200000, 0x0000000721200000, 0x0000000721400000|  0%| F|  |TAMS 0x0000000721200000| PB 0x0000000721200000| Untracked |  0
| 266|0x0000000721400000, 0x0000000721400000, 0x0000000721600000|  0%| F|  |TAMS 0x0000000721400000| PB 0x0000000721400000| Untracked |  0
| 267|0x0000000721600000, 0x0000000721600000, 0x0000000721800000|  0%| F|  |TAMS 0x0000000721600000| PB 0x0000000721600000| Untracked |  0
| 268|0x0000000721800000, 0x0000000721800000, 0x0000000721a00000|  0%| F|  |TAMS 0x0000000721800000| PB 0x0000000721800000| Untracked |  0
| 269|0x0000000721a00000, 0x0000000721a00000, 0x0000000721c00000|  0%| F|  |TAMS 0x0000000721a00000| PB 0x0000000721a00000| Untracked |  0
| 270|0x0000000721c00000, 0x0000000721c00000, 0x0000000721e00000|  0%| F|  |TAMS 0x0000000721c00000| PB 0x0000000721c00000| Untracked |  0
| 271|0x0000000721e00000, 0x0000000721e00000, 0x0000000722000000|  0%| F|  |TAMS 0x0000000721e00000| PB 0x0000000721e00000| Untracked |  0
| 272|0x0000000722000000, 0x0000000722000000, 0x0000000722200000|  0%| F|  |TAMS 0x0000000722000000| PB 0x0000000722000000| Untracked |  0
| 273|0x0000000722200000, 0x0000000722200000, 0x0000000722400000|  0%| F|  |TAMS 0x0000000722200000| PB 0x0000000722200000| Untracked |  0
| 274|0x0000000722400000, 0x0000000722400000, 0x0000000722600000|  0%| F|  |TAMS 0x0000000722400000| PB 0x0000000722400000| Untracked |  0
| 275|0x0000000722600000, 0x0000000722600000, 0x0000000722800000|  0%| F|  |TAMS 0x0000000722600000| PB 0x0000000722600000| Untracked |  0
| 276|0x0000000722800000, 0x000000072294f778, 0x0000000722a00000| 65%| E|  |TAMS 0x0000000722800000| PB 0x0000000722800000| Complete |  0
| 277|0x0000000722a00000, 0x0000000722c00000, 0x0000000722c00000|100%| E|CS|TAMS 0x0000000722a00000| PB 0x0000000722a00000| Complete |  0
| 278|0x0000000722c00000, 0x0000000722e00000, 0x0000000722e00000|100%| E|CS|TAMS 0x0000000722c00000| PB 0x0000000722c00000| Complete |  0
| 279|0x0000000722e00000, 0x0000000723000000, 0x0000000723000000|100%| E|CS|TAMS 0x0000000722e00000| PB 0x0000000722e00000| Complete |  0
| 280|0x0000000723000000, 0x0000000723200000, 0x0000000723200000|100%| E|CS|TAMS 0x0000000723000000| PB 0x0000000723000000| Complete |  0
| 281|0x0000000723200000, 0x0000000723400000, 0x0000000723400000|100%| E|  |TAMS 0x0000000723200000| PB 0x0000000723200000| Complete |  1
| 282|0x0000000723400000, 0x0000000723600000, 0x0000000723600000|100%| E|CS|TAMS 0x0000000723400000| PB 0x0000000723400000| Complete |  0
| 283|0x0000000723600000, 0x0000000723800000, 0x0000000723800000|100%| E|CS|TAMS 0x0000000723600000| PB 0x0000000723600000| Complete |  1
| 284|0x0000000723800000, 0x0000000723a00000, 0x0000000723a00000|100%| E|CS|TAMS 0x0000000723800000| PB 0x0000000723800000| Complete |  0
| 285|0x0000000723a00000, 0x0000000723c00000, 0x0000000723c00000|100%| E|CS|TAMS 0x0000000723a00000| PB 0x0000000723a00000| Complete |  0
| 286|0x0000000723c00000, 0x0000000723e00000, 0x0000000723e00000|100%| E|CS|TAMS 0x0000000723c00000| PB 0x0000000723c00000| Complete |  0
| 287|0x0000000723e00000, 0x0000000724000000, 0x0000000724000000|100%| E|CS|TAMS 0x0000000723e00000| PB 0x0000000723e00000| Complete |  0
| 288|0x0000000724000000, 0x0000000724200000, 0x0000000724200000|100%| E|CS|TAMS 0x0000000724000000| PB 0x0000000724000000| Complete |  0
| 289|0x0000000724200000, 0x0000000724400000, 0x0000000724400000|100%| E|CS|TAMS 0x0000000724200000| PB 0x0000000724200000| Complete |  0
| 290|0x0000000724400000, 0x0000000724600000, 0x0000000724600000|100%| E|CS|TAMS 0x0000000724400000| PB 0x0000000724400000| Complete |  0
| 291|0x0000000724600000, 0x0000000724800000, 0x0000000724800000|100%| E|CS|TAMS 0x0000000724600000| PB 0x0000000724600000| Complete |  0
| 292|0x0000000724800000, 0x0000000724a00000, 0x0000000724a00000|100%| E|CS|TAMS 0x0000000724800000| PB 0x0000000724800000| Complete |  0
| 293|0x0000000724a00000, 0x0000000724c00000, 0x0000000724c00000|100%| E|CS|TAMS 0x0000000724a00000| PB 0x0000000724a00000| Complete |  0
| 294|0x0000000724c00000, 0x0000000724e00000, 0x0000000724e00000|100%| E|CS|TAMS 0x0000000724c00000| PB 0x0000000724c00000| Complete |  0
| 295|0x0000000724e00000, 0x0000000725000000, 0x0000000725000000|100%| E|CS|TAMS 0x0000000724e00000| PB 0x0000000724e00000| Complete |  0
| 296|0x0000000725000000, 0x0000000725200000, 0x0000000725200000|100%| E|CS|TAMS 0x0000000725000000| PB 0x0000000725000000| Complete |  0
| 297|0x0000000725200000, 0x0000000725400000, 0x0000000725400000|100%| E|CS|TAMS 0x0000000725200000| PB 0x0000000725200000| Complete |  0
| 298|0x0000000725400000, 0x0000000725600000, 0x0000000725600000|100%| E|CS|TAMS 0x0000000725400000| PB 0x0000000725400000| Complete |  0
| 299|0x0000000725600000, 0x0000000725800000, 0x0000000725800000|100%| E|CS|TAMS 0x0000000725600000| PB 0x0000000725600000| Complete |  0
| 300|0x0000000725800000, 0x0000000725a00000, 0x0000000725a00000|100%| E|CS|TAMS 0x0000000725800000| PB 0x0000000725800000| Complete |  0
| 301|0x0000000725a00000, 0x0000000725c00000, 0x0000000725c00000|100%| E|CS|TAMS 0x0000000725a00000| PB 0x0000000725a00000| Complete |  1
| 302|0x0000000725c00000, 0x0000000725e00000, 0x0000000725e00000|100%| E|CS|TAMS 0x0000000725c00000| PB 0x0000000725c00000| Complete |  0
| 303|0x0000000725e00000, 0x0000000726000000, 0x0000000726000000|100%| E|CS|TAMS 0x0000000725e00000| PB 0x0000000725e00000| Complete |  0
| 304|0x0000000726000000, 0x0000000726200000, 0x0000000726200000|100%| E|CS|TAMS 0x0000000726000000| PB 0x0000000726000000| Complete |  0
| 305|0x0000000726200000, 0x0000000726400000, 0x0000000726400000|100%| E|CS|TAMS 0x0000000726200000| PB 0x0000000726200000| Complete |  0
| 306|0x0000000726400000, 0x0000000726600000, 0x0000000726600000|100%| E|CS|TAMS 0x0000000726400000| PB 0x0000000726400000| Complete |  0
| 307|0x0000000726600000, 0x0000000726800000, 0x0000000726800000|100%| E|CS|TAMS 0x0000000726600000| PB 0x0000000726600000| Complete |  0
| 308|0x0000000726800000, 0x0000000726a00000, 0x0000000726a00000|100%| E|CS|TAMS 0x0000000726800000| PB 0x0000000726800000| Complete |  0
| 309|0x0000000726a00000, 0x0000000726c00000, 0x0000000726c00000|100%| E|CS|TAMS 0x0000000726a00000| PB 0x0000000726a00000| Complete |  0
| 310|0x0000000726c00000, 0x0000000726e00000, 0x0000000726e00000|100%| E|CS|TAMS 0x0000000726c00000| PB 0x0000000726c00000| Complete |  0
| 311|0x0000000726e00000, 0x0000000727000000, 0x0000000727000000|100%| E|CS|TAMS 0x0000000726e00000| PB 0x0000000726e00000| Complete |  0
| 312|0x0000000727000000, 0x0000000727200000, 0x0000000727200000|100%| E|CS|TAMS 0x0000000727000000| PB 0x0000000727000000| Complete |  0
| 313|0x0000000727200000, 0x0000000727400000, 0x0000000727400000|100%| E|CS|TAMS 0x0000000727200000| PB 0x0000000727200000| Complete |  0
| 314|0x0000000727400000, 0x0000000727600000, 0x0000000727600000|100%| E|CS|TAMS 0x0000000727400000| PB 0x0000000727400000| Complete |  0
| 315|0x0000000727600000, 0x0000000727800000, 0x0000000727800000|100%| E|CS|TAMS 0x0000000727600000| PB 0x0000000727600000| Complete |  0
| 316|0x0000000727800000, 0x0000000727a00000, 0x0000000727a00000|100%| E|CS|TAMS 0x0000000727800000| PB 0x0000000727800000| Complete |  0
| 317|0x0000000727a00000, 0x0000000727c00000, 0x0000000727c00000|100%| E|CS|TAMS 0x0000000727a00000| PB 0x0000000727a00000| Complete |  0
| 318|0x0000000727c00000, 0x0000000727e00000, 0x0000000727e00000|100%| E|CS|TAMS 0x0000000727c00000| PB 0x0000000727c00000| Complete |  0
| 319|0x0000000727e00000, 0x0000000728000000, 0x0000000728000000|100%| E|CS|TAMS 0x0000000727e00000| PB 0x0000000727e00000| Complete |  0
| 320|0x0000000728000000, 0x0000000728200000, 0x0000000728200000|100%| E|CS|TAMS 0x0000000728000000| PB 0x0000000728000000| Complete |  0
| 321|0x0000000728200000, 0x0000000728400000, 0x0000000728400000|100%| E|CS|TAMS 0x0000000728200000| PB 0x0000000728200000| Complete |  0
|2046|0x00000007ffc00000, 0x00000007ffe00000, 0x00000007ffe00000|100%| E|CS|TAMS 0x00000007ffc00000| PB 0x00000007ffc00000| Complete |  0
|2047|0x00000007ffe00000, 0x0000000800000000, 0x0000000800000000|100%| E|CS|TAMS 0x00000007ffe00000| PB 0x00000007ffe00000| Complete |  0

Card table byte_map: [0x00000001127d5000,0x0000000112fd5000] _byte_map_base: 0x000000010efd5000

Marking Bits: (CMBitMap*) 0x00007fbe4a008210
 Bits: [0x0000000112fd5000, 0x0000000116fd5000)

Polling page: 0x0000000107f8b000

Metaspace:

Usage:
  Non-class:    158.42 MB used.
      Class:     24.36 MB used.
       Both:    182.78 MB used.

Virtual space:
  Non-class space:      192.00 MB reserved,     160.56 MB ( 84%) committed,  3 nodes.
      Class space:      416.00 MB reserved,      26.06 MB (  6%) committed,  1 nodes.
             Both:      608.00 MB reserved,     186.62 MB ( 31%) committed. 

Chunk freelists:
   Non-Class:  14.55 MB
       Class:  5.89 MB
        Both:  20.44 MB

MaxMetaspaceSize: 512.00 MB
CompressedClassSpaceSize: 416.00 MB
Initial GC threshold: 21.00 MB
Current GC threshold: 308.38 MB
CDS: on
 - commit_granule_bytes: 65536.
 - commit_granule_words: 8192.
 - virtual_space_node_default_size: 8388608.
 - enlarge_chunks_in_place: 1.
 - use_allocation_guard: 0.


Internal statistics:

num_allocs_failed_limit: 12.
num_arena_births: 5826.
num_arena_deaths: 0.
num_vsnodes_births: 4.
num_vsnodes_deaths: 0.
num_space_committed: 2984.
num_space_uncommitted: 0.
num_chunks_returned_to_freelist: 12.
num_chunks_taken_from_freelist: 14040.
num_chunk_merges: 12.
num_chunk_splits: 9718.
num_chunks_enlarged: 6799.
num_inconsistent_stats: 0.

CodeHeap 'non-profiled nmethods': size=119172Kb used=14067Kb max_used=14067Kb free=105105Kb
 bounds [0x0000000127ed4000, 0x0000000128c94000, 0x000000012f335000]
CodeHeap 'profiled nmethods': size=119164Kb used=46700Kb max_used=46700Kb free=72463Kb
 bounds [0x0000000120335000, 0x00000001230d5000, 0x0000000127794000]
CodeHeap 'non-nmethods': size=7424Kb used=3759Kb max_used=4975Kb free=3664Kb
 bounds [0x0000000127794000, 0x0000000127cd4000, 0x0000000127ed4000]
CodeCache: size=245760Kb, used=64526Kb, max_used=65742Kb, free=181232Kb
 total_blobs=31134, nmethods=29855, adapters=1179, full_count=0
Compilation: enabled, stopped_count=0, restarted_count=0

Compilation events (20 events):
Event: 95.293 Thread 0x00007fbe4a029e00 nmethod 37715 0x00000001230c6f88 code [0x00000001230c70e0, 0x00000001230c7470]
Event: 95.293 Thread 0x00007fbe4a029e00 37711       3       org.gradle.internal.execution.steps.AbstractResolveCachingStateStep$$Lambda/0x000000013367ea20::<init> (20 bytes)
Event: 95.293 Thread 0x00007fbe4a029e00 nmethod 37711 0x00000001230c7488 code [0x00000001230c75a0, 0x00000001230c7830]
Event: 95.293 Thread 0x00007fbe4a029e00 37713       3       org.gradle.caching.internal.controller.impl.LifecycleAwareBuildCacheControllerFactory$DelegatingBuildCacheController::isEnabled (10 bytes)
Event: 95.293 Thread 0x00007fbe4a029e00 nmethod 37713 0x00000001230c7888 code [0x00000001230c79c0, 0x00000001230c7c48]
Event: 95.293 Thread 0x00007fbe4a029e00 37714       3       org.gradle.internal.execution.steps.AbstractResolveCachingStateStep$$Lambda/0x00000001336806c8::<init> (20 bytes)
Event: 95.293 Thread 0x00007fbe4a029e00 nmethod 37714 0x00000001230c7c88 code [0x00000001230c7da0, 0x00000001230c8030]
Event: 95.293 Thread 0x00007fbe4a029e00 37716       3       org.gradle.internal.execution.steps.legacy.MarkSnapshottingInputsFinishedStep::execute (10 bytes)
Event: 95.294 Thread 0x00007fbe4d3be600 nmethod 37710 0x00000001230c8088 code [0x00000001230c84e0, 0x00000001230cb648]
Event: 95.294 Thread 0x00007fbe4a029e00 nmethod 37716 0x00000001230cb888 code [0x00000001230cb9e0, 0x00000001230cbec8]
Event: 95.294 Thread 0x00007fbe4d3be600 37717       3       org.gradle.internal.snapshot.SingletonChildMap::invalidate (22 bytes)
Event: 95.294 Thread 0x00007fbe4a029e00 37718       3       org.gradle.internal.snapshot.SingletonChildMap$1::withReplacedChild (16 bytes)
Event: 95.294 Thread 0x00007fbe4a029e00 nmethod 37718 0x00000001230cbf08 code [0x00000001230cc040, 0x00000001230cc2c8]
Event: 95.294 Thread 0x00007fbe4a029e00 37719       3       org.gradle.internal.vfs.impl.DefaultSnapshotHierarchy$$Lambda/0x0000000133679368::apply (12 bytes)
Event: 95.295 Thread 0x00007fbe4a029e00 nmethod 37719 0x00000001230cc388 code [0x00000001230cc4c0, 0x00000001230cc950]
Event: 95.295 Thread 0x00007fbe4d3be600 nmethod 37717 0x00000001230cc988 code [0x00000001230ccb60, 0x00000001230cd5c8]
Event: 95.296 Thread 0x00007fbe4a029e00 37720       3       org.gradle.internal.vfs.impl.DefaultSnapshotHierarchy::invalidate (64 bytes)
Event: 95.296 Thread 0x00007fbe4d3be600 37721       3       org.gradle.internal.vfs.impl.AbstractVirtualFileSystem$$Lambda/0x0000000133678260::update (13 bytes)
Event: 95.297 Thread 0x00007fbe4d3be600 nmethod 37721 0x00000001230cd688 code [0x00000001230cd7c0, 0x00000001230cd9f8]
Event: 95.298 Thread 0x00007fbe4a029e00 nmethod 37720 0x00000001230cda88 code [0x00000001230cdda0, 0x00000001230cf540]

GC Heap History (20 events):
Event: 77.777 GC heap before
{Heap before GC invocations=79 (full 0):
 garbage-first heap   total reserved 4194304K, committed 497664K, used 435950K [0x0000000700000000, 0x0000000800000000)
  region size 2048K, 74 young (151552K), 10 survivors (20480K)
 Metaspace       used 176582K, committed 180288K, reserved 622592K
  class space    used 23552K, committed 25280K, reserved 425984K
}
Event: 77.786 GC heap after
{Heap after GC invocations=80 (full 0):
 garbage-first heap   total reserved 4194304K, committed 497664K, used 310710K [0x0000000700000000, 0x0000000800000000)
  region size 2048K, 4 young (8192K), 4 survivors (8192K)
 Metaspace       used 176582K, committed 180288K, reserved 622592K
  class space    used 23552K, committed 25280K, reserved 425984K
}
Event: 78.426 GC heap before
{Heap before GC invocations=81 (full 0):
 garbage-first heap   total reserved 4194304K, committed 520192K, used 441782K [0x0000000700000000, 0x0000000800000000)
  region size 2048K, 69 young (141312K), 4 survivors (8192K)
 Metaspace       used 176718K, committed 180416K, reserved 622592K
  class space    used 23571K, committed 25280K, reserved 425984K
}
Event: 78.434 GC heap after
{Heap after GC invocations=82 (full 0):
 garbage-first heap   total reserved 4194304K, committed 520192K, used 322835K [0x0000000700000000, 0x0000000800000000)
  region size 2048K, 9 young (18432K), 9 survivors (18432K)
 Metaspace       used 176718K, committed 180416K, reserved 622592K
  class space    used 23571K, committed 25280K, reserved 425984K
}
Event: 78.896 GC heap before
{Heap before GC invocations=82 (full 0):
 garbage-first heap   total reserved 4194304K, committed 520192K, used 462099K [0x0000000700000000, 0x0000000800000000)
  region size 2048K, 78 young (159744K), 9 survivors (18432K)
 Metaspace       used 176854K, committed 180608K, reserved 622592K
  class space    used 23589K, committed 25344K, reserved 425984K
}
Event: 78.920 GC heap after
{Heap after GC invocations=83 (full 0):
 garbage-first heap   total reserved 4194304K, committed 520192K, used 328759K [0x0000000700000000, 0x0000000800000000)
  region size 2048K, 7 young (14336K), 7 survivors (14336K)
 Metaspace       used 176854K, committed 180608K, reserved 622592K
  class space    used 23589K, committed 25344K, reserved 425984K
}
Event: 79.522 GC heap before
{Heap before GC invocations=83 (full 0):
 garbage-first heap   total reserved 4194304K, committed 520192K, used 465975K [0x0000000700000000, 0x0000000800000000)
  region size 2048K, 75 young (153600K), 7 survivors (14336K)
 Metaspace       used 177071K, committed 180800K, reserved 622592K
  class space    used 23621K, committed 25344K, reserved 425984K
}
Event: 79.534 GC heap after
{Heap after GC invocations=84 (full 0):
 garbage-first heap   total reserved 4194304K, committed 624640K, used 341161K [0x0000000700000000, 0x0000000800000000)
  region size 2048K, 9 young (18432K), 9 survivors (18432K)
 Metaspace       used 177071K, committed 180800K, reserved 622592K
  class space    used 23621K, committed 25344K, reserved 425984K
}
Event: 80.296 GC heap before
{Heap before GC invocations=85 (full 0):
 garbage-first heap   total reserved 4194304K, committed 624640K, used 543913K [0x0000000700000000, 0x0000000800000000)
  region size 2048K, 109 young (223232K), 9 survivors (18432K)
 Metaspace       used 177305K, committed 181056K, reserved 622592K
  class space    used 23653K, committed 25408K, reserved 425984K
}
Event: 80.308 GC heap after
{Heap after GC invocations=86 (full 0):
 garbage-first heap   total reserved 4194304K, committed 624640K, used 353653K [0x0000000700000000, 0x0000000800000000)
  region size 2048K, 9 young (18432K), 9 survivors (18432K)
 Metaspace       used 177305K, committed 181056K, reserved 622592K
  class space    used 23653K, committed 25408K, reserved 425984K
}
Event: 81.798 GC heap before
{Heap before GC invocations=86 (full 0):
 garbage-first heap   total reserved 4194304K, committed 624640K, used 533877K [0x0000000700000000, 0x0000000800000000)
  region size 2048K, 98 young (200704K), 9 survivors (18432K)
 Metaspace       used 178861K, committed 182784K, reserved 622592K
  class space    used 23878K, committed 25664K, reserved 425984K
}
Event: 81.830 GC heap after
{Heap after GC invocations=87 (full 0):
 garbage-first heap   total reserved 4194304K, committed 624640K, used 365516K [0x0000000700000000, 0x0000000800000000)
  region size 2048K, 11 young (22528K), 11 survivors (22528K)
 Metaspace       used 178861K, committed 182784K, reserved 622592K
  class space    used 23878K, committed 25664K, reserved 425984K
}
Event: 89.207 GC heap before
{Heap before GC invocations=87 (full 0):
 garbage-first heap   total reserved 4194304K, committed 624640K, used 547788K [0x0000000700000000, 0x0000000800000000)
  region size 2048K, 100 young (204800K), 11 survivors (22528K)
 Metaspace       used 185268K, committed 189248K, reserved 622592K
  class space    used 24760K, committed 26560K, reserved 425984K
}
Event: 89.234 GC heap after
{Heap after GC invocations=88 (full 0):
 garbage-first heap   total reserved 4194304K, committed 624640K, used 397298K [0x0000000700000000, 0x0000000800000000)
  region size 2048K, 13 young (26624K), 13 survivors (26624K)
 Metaspace       used 185268K, committed 189248K, reserved 622592K
  class space    used 24760K, committed 26560K, reserved 425984K
}
Event: 90.563 GC heap before
{Heap before GC invocations=89 (full 0):
 garbage-first heap   total reserved 4194304K, committed 663552K, used 552946K [0x0000000700000000, 0x0000000800000000)
  region size 2048K, 89 young (182272K), 13 survivors (26624K)
 Metaspace       used 185690K, committed 189632K, reserved 622592K
  class space    used 24773K, committed 26560K, reserved 425984K
}
Event: 90.587 GC heap after
{Heap after GC invocations=90 (full 0):
 garbage-first heap   total reserved 4194304K, committed 663552K, used 419667K [0x0000000700000000, 0x0000000800000000)
  region size 2048K, 10 young (20480K), 10 survivors (20480K)
 Metaspace       used 185690K, committed 189632K, reserved 622592K
  class space    used 24773K, committed 26560K, reserved 425984K
}
Event: 93.501 GC heap before
{Heap before GC invocations=90 (full 0):
 garbage-first heap   total reserved 4194304K, committed 663552K, used 587603K [0x0000000700000000, 0x0000000800000000)
  region size 2048K, 93 young (190464K), 10 survivors (20480K)
 Metaspace       used 186921K, committed 190848K, reserved 622592K
  class space    used 24931K, committed 26688K, reserved 425984K
}
Event: 93.542 GC heap after
{Heap after GC invocations=91 (full 0):
 garbage-first heap   total reserved 4194304K, committed 663552K, used 433111K [0x0000000700000000, 0x0000000800000000)
  region size 2048K, 10 young (20480K), 10 survivors (20480K)
 Metaspace       used 186921K, committed 190848K, reserved 622592K
  class space    used 24931K, committed 26688K, reserved 425984K
}
Event: 94.873 GC heap before
{Heap before GC invocations=91 (full 0):
 garbage-first heap   total reserved 4194304K, committed 663552K, used 594903K [0x0000000700000000, 0x0000000800000000)
  region size 2048K, 90 young (184320K), 10 survivors (20480K)
 Metaspace       used 187006K, committed 190912K, reserved 622592K
  class space    used 24931K, committed 26688K, reserved 425984K
}
Event: 94.885 GC heap after
{Heap after GC invocations=92 (full 0):
 garbage-first heap   total reserved 4194304K, committed 663552K, used 440967K [0x0000000700000000, 0x0000000800000000)
  region size 2048K, 5 young (10240K), 5 survivors (10240K)
 Metaspace       used 187006K, committed 190912K, reserved 622592K
  class space    used 24931K, committed 26688K, reserved 425984K
}

Dll operation events (14 events):
Event: 0.015 Loaded shared library /usr/local/Cellar/openjdk/23.0.2/libexec/openjdk.jdk/Contents/Home/lib/libjava.dylib
Event: 0.105 Loaded shared library /usr/local/Cellar/openjdk/23.0.2/libexec/openjdk.jdk/Contents/Home/lib/libzip.dylib
Event: 0.108 Loaded shared library /usr/local/Cellar/openjdk/23.0.2/libexec/openjdk.jdk/Contents/Home/lib/libinstrument.dylib
Event: 0.115 Loaded shared library /usr/local/Cellar/openjdk/23.0.2/libexec/openjdk.jdk/Contents/Home/lib/libnio.dylib
Event: 0.119 Loaded shared library /usr/local/Cellar/openjdk/23.0.2/libexec/openjdk.jdk/Contents/Home/lib/libzip.dylib
Event: 0.341 Loaded shared library /usr/local/Cellar/openjdk/23.0.2/libexec/openjdk.jdk/Contents/Home/lib/libjimage.dylib
Event: 0.446 Loaded shared library /usr/local/Cellar/openjdk/23.0.2/libexec/openjdk.jdk/Contents/Home/lib/libverify.dylib
Event: 0.606 Loaded shared library /usr/local/Cellar/openjdk/23.0.2/libexec/openjdk.jdk/Contents/Home/lib/libnet.dylib
Event: 0.610 Loaded shared library /Users/user/.gradle/native/1def1411415f61bf3af743bc5b6707747c0891f09f0c88961ee8f79bc544acac/osx-amd64/libnative-platform.dylib
Event: 0.623 Loaded shared library /Users/user/.gradle/native/0.2.5/x86_64-macos/libgradle-fileevents.dylib
Event: 1.561 Loaded shared library /usr/local/Cellar/openjdk/23.0.2/libexec/openjdk.jdk/Contents/Home/lib/libmanagement.dylib
Event: 1.563 Loaded shared library /usr/local/Cellar/openjdk/23.0.2/libexec/openjdk.jdk/Contents/Home/lib/libmanagement_ext.dylib
Event: 1.773 Loaded shared library /usr/local/Cellar/openjdk/23.0.2/libexec/openjdk.jdk/Contents/Home/lib/libextnet.dylib
Event: 3.305 Loaded shared library /private/var/folders/5c/pl4fssc162ggjsfcy9w531800000gn/T/native-platform7574392397673059561dir/libgradle-fileevents.dylib

Deoptimization events (20 events):
Event: 95.252 Thread 0x00007fbe45e4e400 Uncommon trap: trap_request=0xffffffc6 fr.pc=0x000000012855b798 relative=0x0000000000000b98
Event: 95.252 Thread 0x00007fbe45e4e400 Uncommon trap: reason=bimorphic_or_optimized_type_check action=maybe_recompile pc=0x000000012855b798 method=com.google.common.collect.AbstractIterator.tryToComputeNext()Z @ 9 c2
Event: 95.252 Thread 0x00007fbe45e4e400 DEOPT PACKING pc=0x000000012855b798 sp=0x00007000107d5000
Event: 95.252 Thread 0x00007fbe45e4e400 DEOPT UNPACKING pc=0x00000001277e7bf9 sp=0x00007000107d4fd0 mode 2
Event: 95.255 Thread 0x00007fbe45e4e400 Uncommon trap: trap_request=0xffffff45 fr.pc=0x0000000128c7e7c0 relative=0x00000000000003e0
Event: 95.255 Thread 0x00007fbe45e4e400 Uncommon trap: reason=unstable_if action=reinterpret pc=0x0000000128c7e7c0 method=java.util.zip.ZipInputStream.read([BII)I @ 22 c2
Event: 95.255 Thread 0x00007fbe45e4e400 DEOPT PACKING pc=0x0000000128c7e7c0 sp=0x00007000107d4790
Event: 95.255 Thread 0x00007fbe45e4e400 DEOPT UNPACKING pc=0x00000001277e7bf9 sp=0x00007000107d4770 mode 2
Event: 95.264 Thread 0x00007fbe45e4e400 Uncommon trap: trap_request=0xffffff45 fr.pc=0x0000000127fb07e0 relative=0x0000000000000320
Event: 95.264 Thread 0x00007fbe45e4e400 Uncommon trap: reason=unstable_if action=reinterpret pc=0x0000000127fb07e0 method=java.util.zip.Inflater.inflate([BII)I @ 31 c2
Event: 95.264 Thread 0x00007fbe45e4e400 DEOPT PACKING pc=0x0000000127fb07e0 sp=0x00007000107d4800
Event: 95.264 Thread 0x00007fbe45e4e400 DEOPT UNPACKING pc=0x00000001277e7bf9 sp=0x00007000107d4770 mode 2
Event: 95.264 Thread 0x00007fbe45e4e400 Uncommon trap: trap_request=0xffffff45 fr.pc=0x00000001289d3fa4 relative=0x00000000000002e4
Event: 95.264 Thread 0x00007fbe45e4e400 Uncommon trap: reason=unstable_if action=reinterpret pc=0x00000001289d3fa4 method=org.gradle.internal.fingerprint.impl.DefaultFileSystemLocationFingerprint.compareTo(Lorg/gradle/internal/fingerprint/FileSystemLocationFingerprint;)I @ 15 c2
Event: 95.264 Thread 0x00007fbe45e4e400 DEOPT PACKING pc=0x00000001289d3fa4 sp=0x00007000107d4f30
Event: 95.264 Thread 0x00007fbe45e4e400 DEOPT UNPACKING pc=0x00000001277e7bf9 sp=0x00007000107d4e80 mode 2
Event: 95.264 Thread 0x00007fbe45e4e400 Uncommon trap: trap_request=0xffffff45 fr.pc=0x00000001286931e4 relative=0x00000000000006e4
Event: 95.264 Thread 0x00007fbe45e4e400 Uncommon trap: reason=unstable_if action=reinterpret pc=0x00000001286931e4 method=sun.security.provider.DigestBase.engineUpdate([BII)V @ 1 c2
Event: 95.264 Thread 0x00007fbe45e4e400 DEOPT PACKING pc=0x00000001286931e4 sp=0x00007000107d4f50
Event: 95.264 Thread 0x00007fbe45e4e400 DEOPT UNPACKING pc=0x00000001277e7bf9 sp=0x00007000107d4f28 mode 2

Classes loaded (20 events):
Event: 87.851 Loading class org/w3c/dom/Entity
Event: 87.851 Loading class org/w3c/dom/Entity done
Event: 87.851 Loading class com/sun/org/apache/xerces/internal/dom/EntityImpl done
Event: 87.851 Loading class com/sun/org/apache/xerces/internal/dom/DeferredEntityImpl done
Event: 87.853 Loading class com/sun/org/apache/xerces/internal/dom/DeferredTextImpl
Event: 87.853 Loading class com/sun/org/apache/xerces/internal/dom/TextImpl
Event: 87.854 Loading class org/w3c/dom/CharacterData
Event: 87.854 Loading class org/w3c/dom/CharacterData done
Event: 87.854 Loading class org/w3c/dom/Text
Event: 87.854 Loading class org/w3c/dom/Text done
Event: 87.854 Loading class com/sun/org/apache/xerces/internal/dom/CharacterDataImpl
Event: 87.855 Loading class com/sun/org/apache/xerces/internal/dom/CharacterDataImpl done
Event: 87.855 Loading class com/sun/org/apache/xerces/internal/dom/TextImpl done
Event: 87.855 Loading class com/sun/org/apache/xerces/internal/dom/DeferredTextImpl done
Event: 87.855 Loading class com/sun/org/apache/xerces/internal/dom/CharacterDataImpl$1
Event: 87.855 Loading class com/sun/org/apache/xerces/internal/dom/CharacterDataImpl$1 done
Event: 87.862 Loading class org/w3c/dom/Comment
Event: 87.862 Loading class org/w3c/dom/Comment done
Event: 92.601 Loading class java/io/PushbackInputStream
Event: 92.601 Loading class java/io/PushbackInputStream done

Classes unloaded (0 events):
No events

Classes redefined (0 events):
No events

Internal exceptions (20 events):
Event: 81.341 Thread 0x00007fbe4e0cd200 Exception <a 'java/lang/ClassNotFoundException'{0x000000071cefca60}: java/lang/MathBeanInfo> (0x000000071cefca60) 
thrown [src/hotspot/share/classfile/systemDictionary.cpp, line 313]
Event: 81.341 Thread 0x00007fbe4e0cd200 Exception <a 'java/lang/ClassNotFoundException'{0x000000071cf03b20}: java/lang/MathCustomizer> (0x000000071cf03b20) 
thrown [src/hotspot/share/classfile/systemDictionary.cpp, line 313]
Event: 81.377 Thread 0x00007fbe4e0cd200 Exception <a 'java/lang/ClassNotFoundException'{0x000000071cd5d110}: build_2an9vay6ymmjw9a6rj33d7t2iBeanInfo> (0x000000071cd5d110) 
thrown [src/hotspot/share/classfile/systemDictionary.cpp, line 313]
Event: 81.378 Thread 0x00007fbe4e0cd200 Exception <a 'java/lang/ClassNotFoundException'{0x000000071cd63c18}: build_2an9vay6ymmjw9a6rj33d7t2iCustomizer> (0x000000071cd63c18) 
thrown [src/hotspot/share/classfile/systemDictionary.cpp, line 313]
Event: 81.448 Thread 0x00007fbe4e0cd200 Exception <a 'java/lang/ClassNotFoundException'{0x000000071c4a8740}: build_2an9vay6ymmjw9a6rj33d7t2i$_run_closure4BeanInfo> (0x000000071c4a8740) 
thrown [src/hotspot/share/classfile/systemDictionary.cpp, line 313]
Event: 81.449 Thread 0x00007fbe4e0cd200 Exception <a 'java/lang/ClassNotFoundException'{0x000000071c4b4648}: build_2an9vay6ymmjw9a6rj33d7t2i$_run_closure4Customizer> (0x000000071c4b4648) 
thrown [src/hotspot/share/classfile/systemDictionary.cpp, line 313]
Event: 81.576 Thread 0x00007fbe4e0cd200 Implicit null exception at 0x0000000128a3cc30 to 0x0000000128a3dc04
Event: 81.868 Thread 0x00007fbe4e0cd200 Exception <a 'java/lang/IncompatibleClassChangeError'{0x00000007ffc7b810}: Found class java.lang.Object, but interface was expected> (0x00000007ffc7b810) 
thrown [src/hotspot/share/interpreter/linkResolver.cpp, line 863]
Event: 82.181 Thread 0x00007fbe4e0cd200 Exception <a 'java/lang/NullPointerException'{0x0000000724d2c5c0}> (0x0000000724d2c5c0) 
thrown [src/hotspot/share/interpreter/linkResolver.cpp, line 1473]
Event: 82.575 Thread 0x00007fbe4e0cd200 Implicit null exception at 0x00000001288dd7a0 to 0x00000001288dddec
Event: 87.780 Thread 0x00007fbe4e0cd200 Exception <a 'java/lang/NoSuchMethodError'{0x000000072244fd50}: 'int java.lang.invoke.DirectMethodHandle$Holder.invokeSpecial(java.lang.Object, java.lang.Object, int)'> (0x000000072244fd50) 
thrown [src/hotspot/share/interpreter/linkResolver.cpp, line 796]
Event: 87.828 Thread 0x00007fbe4e0cd200 Implicit null exception at 0x0000000128a9cc8b to 0x0000000128aa21d8
Event: 88.277 Thread 0x00007fbe4e0cd200 Implicit null exception at 0x0000000128b10ba0 to 0x0000000128b1198c
Event: 88.356 Thread 0x00007fbe4e0cd200 Implicit null exception at 0x0000000128b323cd to 0x0000000128b32582
Event: 88.696 Thread 0x00007fbe4e0cd200 Implicit null exception at 0x0000000128b54960 to 0x0000000128b54a34
Event: 89.234 Thread 0x00007fbe4a029600 Implicit null exception at 0x000000012841b398 to 0x000000012841bb08
Event: 91.020 Thread 0x00007fbe4633aa00 Exception <a 'java/lang/NoSuchMethodError'{0x0000000724d39840}: static Ljava/lang/Object;.<clinit>()V> (0x0000000724d39840) 
thrown [src/hotspot/share/prims/jni.cpp, line 1111]
Event: 91.021 Thread 0x00007fbe4633aa00 Exception <a 'java/lang/NoSuchMethodError'{0x0000000724d5d270}: static Lorg/jetbrains/kotlin/gradle/plugin/statistics/MetricContainer;.<clinit>()V> (0x0000000724d5d270) 
thrown [src/hotspot/share/prims/jni.cpp, line 1111]
Event: 91.063 Thread 0x00007fbe4e88d600 Exception <a 'java/lang/NoSuchMethodError'{0x000000072483af48}: static Lcom/android/build/api/variant/BuildConfigField;.<clinit>()V> (0x000000072483af48) 
thrown [src/hotspot/share/prims/jni.cpp, line 1111]
Event: 95.255 Thread 0x00007fbe45e4e400 Implicit null exception at 0x0000000128c7e455 to 0x0000000128c7e7b4

VM Operations (20 events):
Event: 81.928 Executing VM operation: HandshakeAllThreads (Deoptimize)
Event: 81.928 Executing VM operation: HandshakeAllThreads (Deoptimize) done
Event: 87.891 Executing VM operation: HandshakeAllThreads (Deoptimize)
Event: 87.891 Executing VM operation: HandshakeAllThreads (Deoptimize) done
Event: 89.207 Executing VM operation: G1CollectForAllocation (G1 Evacuation Pause)
Event: 89.234 Executing VM operation: G1CollectForAllocation (G1 Evacuation Pause) done
Event: 89.513 Executing VM operation: G1PauseRemark
Event: 89.524 Executing VM operation: G1PauseRemark done
Event: 89.658 Executing VM operation: G1PauseCleanup
Event: 89.658 Executing VM operation: G1PauseCleanup done
Event: 90.563 Executing VM operation: G1CollectForAllocation (G1 Evacuation Pause)
Event: 90.587 Executing VM operation: G1CollectForAllocation (G1 Evacuation Pause) done
Event: 90.931 Executing VM operation: HandshakeAllThreads (Deoptimize)
Event: 90.932 Executing VM operation: HandshakeAllThreads (Deoptimize) done
Event: 91.601 Executing VM operation: HandshakeAllThreads (Deoptimize)
Event: 91.602 Executing VM operation: HandshakeAllThreads (Deoptimize) done
Event: 93.501 Executing VM operation: G1CollectForAllocation (G1 Evacuation Pause)
Event: 93.542 Executing VM operation: G1CollectForAllocation (G1 Evacuation Pause) done
Event: 94.873 Executing VM operation: G1CollectForAllocation (G1 Evacuation Pause)
Event: 94.885 Executing VM operation: G1CollectForAllocation (G1 Evacuation Pause) done

Memory protections (20 events):
Event: 65.487 Protecting memory [0x000070000150b000,0x000070000150f000] with protection modes 3
Event: 66.648 Protecting memory [0x000070000150b000,0x000070000150f000] with protection modes 0
Event: 67.582 Protecting memory [0x00007000110f6000,0x00007000110fa000] with protection modes 0
Event: 68.797 Protecting memory [0x00007000113ff000,0x0000700011403000] with protection modes 0
Event: 69.014 Protecting memory [0x0000700011502000,0x0000700011506000] with protection modes 0
Event: 69.426 Protecting memory [0x0000700011605000,0x0000700011609000] with protection modes 0
Event: 69.445 Protecting memory [0x0000700011708000,0x000070001170c000] with protection modes 0
Event: 69.453 Protecting memory [0x000070001180b000,0x000070001180f000] with protection modes 0
Event: 69.640 Protecting memory [0x000070001190e000,0x0000700011912000] with protection modes 0
Event: 70.573 Protecting memory [0x0000700011a11000,0x0000700011a15000] with protection modes 0
Event: 70.584 Protecting memory [0x0000700011b14000,0x0000700011b18000] with protection modes 0
Event: 76.993 Protecting memory [0x0000700011b14000,0x0000700011b18000] with protection modes 3
Event: 77.048 Protecting memory [0x0000700011b14000,0x0000700011b18000] with protection modes 0
Event: 80.957 Protecting memory [0x0000700011b14000,0x0000700011b18000] with protection modes 3
Event: 87.612 Protecting memory [0x0000700011a11000,0x0000700011a15000] with protection modes 3
Event: 87.612 Protecting memory [0x000070000e981000,0x000070000e985000] with protection modes 3
Event: 91.018 Protecting memory [0x000070000e981000,0x000070000e985000] with protection modes 0
Event: 92.579 Protecting memory [0x000070000a3b2000,0x000070000a3b6000] with protection modes 3
Event: 92.579 Protecting memory [0x000070000711c000,0x0000700007120000] with protection modes 3
Event: 94.110 Protecting memory [0x000070000711c000,0x0000700007120000] with protection modes 0

Nmethod flushes (20 events):
Event: 89.521 Thread 0x00007fbe4830fb40 flushing  nmethod 0x00000001223d7388
Event: 89.521 Thread 0x00007fbe4830fb40 flushing  nmethod 0x00000001223d7808
Event: 89.521 Thread 0x00007fbe4830fb40 flushing  nmethod 0x0000000122458c08
Event: 89.521 Thread 0x00007fbe4830fb40 flushing  nmethod 0x0000000122459f08
Event: 89.521 Thread 0x00007fbe4830fb40 flushing  nmethod 0x000000012245c388
Event: 89.521 Thread 0x00007fbe4830fb40 flushing  nmethod 0x0000000122729a08
Event: 89.521 Thread 0x00007fbe4830fb40 flushing  nmethod 0x00000001228f5e08
Event: 89.521 Thread 0x00007fbe4830fb40 flushing  nmethod 0x0000000128053c08
Event: 89.521 Thread 0x00007fbe4830fb40 flushing  nmethod 0x00000001203cee88
Event: 89.521 Thread 0x00007fbe4830fb40 flushing  nmethod 0x0000000120548a08
Event: 89.521 Thread 0x00007fbe4830fb40 flushing  nmethod 0x0000000120da2708
Event: 89.521 Thread 0x00007fbe4830fb40 flushing  nmethod 0x0000000121252388
Event: 89.521 Thread 0x00007fbe4830fb40 flushing  nmethod 0x0000000121253208
Event: 89.521 Thread 0x00007fbe4830fb40 flushing  nmethod 0x0000000121361e08
Event: 89.521 Thread 0x00007fbe4830fb40 flushing  nmethod 0x00000001222bc188
Event: 89.521 Thread 0x00007fbe4830fb40 flushing  nmethod 0x0000000122369208
Event: 89.521 Thread 0x00007fbe4830fb40 flushing  nmethod 0x0000000122373388
Event: 89.521 Thread 0x00007fbe4830fb40 flushing  nmethod 0x0000000122456988
Event: 89.521 Thread 0x00007fbe4830fb40 flushing  nmethod 0x00000001228e6108
Event: 89.521 Thread 0x00007fbe4830fb40 flushing  nmethod 0x00000001228e9408

Events (20 events):
Event: 65.487 Thread 0x00007fbe4e28fc00 Thread exited: 0x00007fbe4e28fc00
Event: 66.648 Thread 0x00007fbe4e0cd200 Thread added: 0x00007fbe44f87a00
Event: 67.582 Thread 0x00007fbe4e0cd200 Thread added: 0x00007fbe47a05200
Event: 68.797 Thread 0x00007fbe4e0cd200 Thread added: 0x00007fbe472c8c00
Event: 69.014 Thread 0x00007fbe4e0cd200 Thread added: 0x00007fbe4b60c600
Event: 69.426 Thread 0x00007fbe4e0cd200 Thread added: 0x00007fbe45de9000
Event: 69.445 Thread 0x00007fbe4e0cd200 Thread added: 0x00007fbe46260200
Event: 69.453 Thread 0x00007fbe4e0cd200 Thread added: 0x00007fbe4698a400
Event: 69.640 Thread 0x00007fbe4e0cd200 Thread added: 0x00007fbe463d1600
Event: 70.573 Thread 0x00007fbe44811000 Thread added: 0x00007fbe4e0d2200
Event: 70.584 Thread 0x00007fbe44811000 Thread added: 0x00007fbe4e81ae00
Event: 76.993 Thread 0x00007fbe4e81ae00 Thread exited: 0x00007fbe4e81ae00
Event: 77.048 Thread 0x00007fbe4e2f8000 Thread added: 0x00007fbe44b90600
Event: 80.957 Thread 0x00007fbe44b90600 Thread exited: 0x00007fbe44b90600
Event: 87.612 Thread 0x00007fbe4e0d2200 Thread exited: 0x00007fbe4e0d2200
Event: 87.612 Thread 0x00007fbe4d328c00 Thread exited: 0x00007fbe4d328c00
Event: 91.018 Thread 0x00007fbe4e88d600 Thread added: 0x00007fbe34edbc00
Event: 92.579 Thread 0x00007fbe4e2f8000 Thread exited: 0x00007fbe4e2f8000
Event: 92.579 Thread 0x00007fbe4e9ca200 Thread exited: 0x00007fbe4e9ca200
Event: 94.110 Thread 0x00007fbe4a029e00 Thread added: 0x00007fbe4d3be600


Dynamic libraries:
0x0000000107f93000 	/usr/local/Cellar/openjdk/23.0.2/libexec/openjdk.jdk/Contents/Home/lib/libjli.dylib
0x00007ff825f99000 	/usr/lib/libz.1.dylib
0x00007ff826085000 	/usr/lib/libSystem.B.dylib
0x00007ff82607f000 	/usr/lib/system/libcache.dylib
0x00007ff826037000 	/usr/lib/system/libcommonCrypto.dylib
0x00007ff826061000 	/usr/lib/system/libcompiler_rt.dylib
0x00007ff826055000 	/usr/lib/system/libcopyfile.dylib
0x00007ff8162bb000 	/usr/lib/system/libcorecrypto.dylib
0x00007ff8163c7000 	/usr/lib/system/libdispatch.dylib
0x00007ff816176000 	/usr/lib/system/libdyld.dylib
0x00007ff826075000 	/usr/lib/system/libkeymgr.dylib
0x00007ff82601c000 	/usr/lib/system/libmacho.dylib
0x00007ff8251f0000 	/usr/lib/system/libquarantine.dylib
0x00007ff826072000 	/usr/lib/system/libremovefile.dylib
0x00007ff81c864000 	/usr/lib/system/libsystem_asl.dylib
0x00007ff816244000 	/usr/lib/system/libsystem_blocks.dylib
0x00007ff816412000 	/usr/lib/system/libsystem_c.dylib
0x00007ff826069000 	/usr/lib/system/libsystem_collections.dylib
0x00007ff823b86000 	/usr/lib/system/libsystem_configuration.dylib
0x00007ff822716000 	/usr/lib/system/libsystem_containermanager.dylib
0x00007ff825aef000 	/usr/lib/system/libsystem_coreservices.dylib
0x00007ff819f99000 	/usr/lib/system/libsystem_darwin.dylib
0x00007ffe14b92000 	/usr/lib/system/libsystem_darwindirectory.dylib
0x00007ff826076000 	/usr/lib/system/libsystem_dnssd.dylib
0x00007ffe14b97000 	/usr/lib/system/libsystem_eligibility.dylib
0x00007ff81640f000 	/usr/lib/system/libsystem_featureflags.dylib
0x00007ff816594000 	/usr/lib/system/libsystem_info.dylib
0x00007ff825fad000 	/usr/lib/system/libsystem_m.dylib
0x00007ff81637a000 	/usr/lib/system/libsystem_malloc.dylib
0x00007ff81c7ce000 	/usr/lib/system/libsystem_networkextension.dylib
0x00007ff81a3e1000 	/usr/lib/system/libsystem_notify.dylib
0x00007ff823b8a000 	/usr/lib/system/libsystem_sandbox.dylib
0x00007ffe14ba1000 	/usr/lib/system/libsystem_sanitizers.dylib
0x00007ff82606e000 	/usr/lib/system/libsystem_secinit.dylib
0x00007ff81653f000 	/usr/lib/system/libsystem_kernel.dylib
0x00007ff81658a000 	/usr/lib/system/libsystem_platform.dylib
0x00007ff81657d000 	/usr/lib/system/libsystem_pthread.dylib
0x00007ff81e637000 	/usr/lib/system/libsystem_symptoms.dylib
0x00007ff81629b000 	/usr/lib/system/libsystem_trace.dylib
0x00007ffe14baa000 	/usr/lib/system/libsystem_trial.dylib
0x00007ff826044000 	/usr/lib/system/libunwind.dylib
0x00007ff816248000 	/usr/lib/system/libxpc.dylib
0x00007ff816130000 	/usr/lib/libobjc.A.dylib
0x00007ff8165c3000 	/System/Library/Frameworks/CoreFoundation.framework/Versions/A/CoreFoundation
0x00007ff829d02000 	/usr/lib/swift/libswiftCore.dylib
0x00007ff816527000 	/usr/lib/libc++abi.dylib
0x00007ffd334c6000 	/usr/lib/libRosetta.dylib
0x00007ff81649c000 	/usr/lib/libc++.1.dylib
0x00007ff817857000 	/System/Library/Frameworks/Foundation.framework/Versions/C/Foundation
0x00007ff8337f2000 	/usr/lib/swift/libswiftObjectiveC.dylib
0x00007ffe1443e000 	/usr/lib/libswiftPrespecialized.dylib
0x00007ff8174e2000 	/System/Library/Frameworks/SystemConfiguration.framework/Versions/A/SystemConfiguration
0x00007ff820ad6000 	/System/Library/PrivateFrameworks/CoreAutoLayout.framework/Versions/A/CoreAutoLayout
0x00007ff826087000 	/usr/lib/libfakelink.dylib
0x00007ff826281000 	/usr/lib/libcompression.dylib
0x00007ff81c438000 	/System/Library/Frameworks/CFNetwork.framework/Versions/A/CFNetwork
0x00007ff81fc84000 	/System/Library/Frameworks/DiskArbitration.framework/Versions/A/DiskArbitration
0x00007ff8260d8000 	/usr/lib/libarchive.2.dylib
0x00007ff81fb96000 	/usr/lib/libDiagnosticMessagesClient.dylib
0x00007ff819cee000 	/usr/lib/libicucore.A.dylib
0x00007ff820b20000 	/usr/lib/libxml2.2.dylib
0x00007ff82ea26000 	/System/Library/Frameworks/CoreServices.framework/Versions/A/CoreServices
0x00007ff823b97000 	/usr/lib/liblangid.dylib
0x00007ff81a314000 	/System/Library/Frameworks/IOKit.framework/Versions/A/IOKit
0x00007ff82c4f9000 	/System/Library/Frameworks/Combine.framework/Versions/A/Combine
0x00007ffb32f7a000 	/System/Library/PrivateFrameworks/CollectionsInternal.framework/Versions/A/CollectionsInternal
0x00007ffd178e4000 	/System/Library/PrivateFrameworks/ReflectionInternal.framework/Versions/A/ReflectionInternal
0x00007ffd18626000 	/System/Library/PrivateFrameworks/RuntimeInternal.framework/Versions/A/RuntimeInternal
0x00007ff82608a000 	/System/Library/PrivateFrameworks/SoftLinking.framework/Versions/A/SoftLinking
0x00007ff9212f2000 	/usr/lib/swift/libswiftCoreFoundation.dylib
0x00007ff91e3fe000 	/usr/lib/swift/libswiftDarwin.dylib
0x00007ff830a1c000 	/usr/lib/swift/libswiftDispatch.dylib
0x00007ff921340000 	/usr/lib/swift/libswiftIOKit.dylib
0x00007ffe14827000 	/usr/lib/swift/libswiftSystem.dylib
0x00007ff921302000 	/usr/lib/swift/libswiftXPC.dylib
0x00007ffe14855000 	/usr/lib/swift/libswift_Builtin_float.dylib
0x00007ffe14858000 	/usr/lib/swift/libswift_Concurrency.dylib
0x00007ffe148c5000 	/usr/lib/swift/libswift_DarwinFoundation1.dylib
0x00007ffe149ac000 	/usr/lib/swift/libswift_StringProcessing.dylib
0x00007ff8337f6000 	/usr/lib/swift/libswiftos.dylib
0x00007ff81a293000 	/System/Library/PrivateFrameworks/CoreServicesInternal.framework/Versions/A/CoreServicesInternal
0x00007ff82604d000 	/usr/lib/liboah.dylib
0x00007ff8198ef000 	/System/Library/Frameworks/Security.framework/Versions/A/Security
0x00007ff832d29000 	/System/Library/PrivateFrameworks/DiskImages.framework/Versions/A/DiskImages
0x00007ff91dec2000 	/System/Library/Frameworks/NetFS.framework/Versions/A/NetFS
0x00007ff820a9e000 	/System/Library/Frameworks/CoreServices.framework/Versions/A/Frameworks/FSEvents.framework/Versions/A/FSEvents
0x00007ff819fa4000 	/System/Library/Frameworks/CoreServices.framework/Versions/A/Frameworks/CarbonCore.framework/Versions/A/CarbonCore
0x00007ff81fbfa000 	/System/Library/Frameworks/CoreServices.framework/Versions/A/Frameworks/Metadata.framework/Versions/A/Metadata
0x00007ff825af6000 	/System/Library/Frameworks/CoreServices.framework/Versions/A/Frameworks/OSServices.framework/Versions/A/OSServices
0x00007ff8261b3000 	/System/Library/Frameworks/CoreServices.framework/Versions/A/Frameworks/SearchKit.framework/Versions/A/SearchKit
0x00007ff81e5b5000 	/System/Library/Frameworks/CoreServices.framework/Versions/A/Frameworks/AE.framework/Versions/A/AE
0x00007ff816a7f000 	/System/Library/Frameworks/CoreServices.framework/Versions/A/Frameworks/LaunchServices.framework/Versions/A/LaunchServices
0x00007ff8277ca000 	/System/Library/Frameworks/CoreServices.framework/Versions/A/Frameworks/DictionaryServices.framework/Versions/A/DictionaryServices
0x00007ff820aac000 	/System/Library/Frameworks/CoreServices.framework/Versions/A/Frameworks/SharedFileList.framework/Versions/A/SharedFileList
0x00007ff826235000 	/usr/lib/libapple_nghttp2.dylib
0x00007ff81e1c6000 	/usr/lib/libsqlite3.dylib
0x00007ff832f63000 	/System/Library/PrivateFrameworks/AppSupport.framework/Versions/A/AppSupport
0x00007ff81fb68000 	/System/Library/PrivateFrameworks/CoreAnalytics.framework/Versions/A/CoreAnalytics
0x00007ff81cde0000 	/System/Library/Frameworks/CoreGraphics.framework/Versions/A/CoreGraphics
0x00007ff82a965000 	/System/Library/Frameworks/GSS.framework/Versions/A/GSS
0x00007ff828df0000 	/System/Library/PrivateFrameworks/InternationalSupport.framework/Versions/A/InternationalSupport
0x00007ff81e54d000 	/System/Library/PrivateFrameworks/RunningBoardServices.framework/Versions/A/RunningBoardServices
0x00007ff83377f000 	/System/Library/PrivateFrameworks/StreamingZip.framework/Versions/A/StreamingZip
0x00007ff81c7e8000 	/usr/lib/libenergytrace.dylib
0x00007ff81e63f000 	/System/Library/Frameworks/Network.framework/Versions/A/Network
0x00007ff825215000 	/usr/lib/libbsm.0.dylib
0x00007ff826020000 	/usr/lib/system/libkxld.dylib
0x00007ffb2ed09000 	/System/Library/PrivateFrameworks/AppleKeyStore.framework/Versions/A/AppleKeyStore
0x00007ffd3321e000 	/usr/lib/libCoreEntitlements.dylib
0x00007ffc2e3cf000 	/System/Library/PrivateFrameworks/MessageSecurity.framework/Versions/A/MessageSecurity
0x00007ff81e1aa000 	/System/Library/PrivateFrameworks/ProtocolBuffer.framework/Versions/A/ProtocolBuffer
0x00007ff82fac5000 	/System/Library/PrivateFrameworks/SymptomDiagnosticReporter.framework/Versions/A/SymptomDiagnosticReporter
0x00007ff827b09000 	/System/Library/PrivateFrameworks/CrashReporterSupport.framework/Versions/A/CrashReporterSupport
0x00007ff81c7e9000 	/usr/lib/libMobileGestalt.dylib
0x00007ff825ad5000 	/System/Library/PrivateFrameworks/AppleFSCompression.framework/Versions/A/AppleFSCompression
0x00007ff8251fd000 	/usr/lib/libcoretls.dylib
0x00007ff827839000 	/usr/lib/libcoretls_cfhelpers.dylib
0x00007ff82627b000 	/usr/lib/libpam.2.dylib
0x00007ff8278b2000 	/usr/lib/libxar.1.dylib
0x00007ff82783b000 	/System/Library/PrivateFrameworks/APFS.framework/Versions/A/APFS
0x00007ffd21fe5000 	/System/Library/PrivateFrameworks/SwiftASN1Internal.framework/Versions/A/SwiftASN1Internal
0x00007ff8278c0000 	/usr/lib/libutil.dylib
0x00007ff823b92000 	/System/Library/PrivateFrameworks/AppleSystemInfo.framework/Versions/A/AppleSystemInfo
0x00007ff824efe000 	/System/Library/PrivateFrameworks/IOMobileFramebuffer.framework/Versions/A/IOMobileFramebuffer
0x00007ff82274d000 	/System/Library/Frameworks/IOSurface.framework/Versions/A/IOSurface
0x00007ff9211be000 	/System/Library/PrivateFrameworks/LoggingSupport.framework/Versions/A/LoggingSupport
0x00007ff82a9bd000 	/System/Library/PrivateFrameworks/MobileAsset.framework/Versions/A/MobileAsset
0x00007ff82fad4000 	/System/Library/PrivateFrameworks/PowerLog.framework/Versions/A/PowerLog
0x00007ffb2898b000 	/System/Library/Frameworks/SwiftData.framework/Versions/A/SwiftData
0x00007ff81be2e000 	/System/Library/Frameworks/UniformTypeIdentifiers.framework/Versions/A/UniformTypeIdentifiers
0x00007ff820cb6000 	/System/Library/PrivateFrameworks/UserManagement.framework/Versions/A/UserManagement
0x00007ff81c35b000 	/usr/lib/libboringssl.dylib
0x00007ff81e626000 	/usr/lib/libdns_services.dylib
0x00007ff920269000 	/usr/lib/libquic.dylib
0x00007ff829c8c000 	/usr/lib/libusrtcp.dylib
0x00007ffb2fa9b000 	/System/Library/PrivateFrameworks/AtomicsInternal.framework/Versions/A/AtomicsInternal
0x00007ffa26e24000 	/System/Library/PrivateFrameworks/InternalSwiftProtobuf.framework/Versions/A/InternalSwiftProtobuf
0x00007ffe14692000 	/usr/lib/swift/libswiftDistributed.dylib
0x00007ffe146b8000 	/usr/lib/swift/libswiftObservation.dylib
0x00007ffe1481f000 	/usr/lib/swift/libswiftSynchronization.dylib
0x00007ff823b91000 	/System/Library/PrivateFrameworks/AggregateDictionary.framework/Versions/A/AggregateDictionary
0x00007ffb3011c000 	/System/Library/PrivateFrameworks/BiomeLibrary.framework/Versions/A/BiomeLibrary
0x00007ff93027f000 	/System/Library/PrivateFrameworks/BiomeStreams.framework/Versions/A/BiomeStreams
0x00007ff92c155000 	/System/Library/PrivateFrameworks/BiomeFoundation.framework/Versions/A/BiomeFoundation
0x00007ffa16374000 	/System/Library/PrivateFrameworks/BiomePubSub.framework/Versions/A/BiomePubSub
0x00007ff81dd20000 	/System/Library/Frameworks/CoreData.framework/Versions/A/CoreData
0x00007ff83487c000 	/System/Library/PrivateFrameworks/ProactiveSupport.framework/Versions/A/ProactiveSupport
0x00007ff827819000 	/usr/lib/liblzma.5.dylib
0x00007ff82ec99000 	/System/Library/Frameworks/Accelerate.framework/Versions/A/Accelerate
0x00007ff825104000 	/System/Library/PrivateFrameworks/MobileKeyBag.framework/Versions/A/MobileKeyBag
0x00007ff833273000 	/System/Library/PrivateFrameworks/InternationalTextSearch.framework/Versions/A/InternationalTextSearch
0x00007ff92894a000 	/System/Library/PrivateFrameworks/SoftwareUpdateCoreSupport.framework/Versions/A/SoftwareUpdateCoreSupport
0x00007ff930c11000 	/System/Library/PrivateFrameworks/SoftwareUpdateCoreConnect.framework/Versions/A/SoftwareUpdateCoreConnect
0x00007ff832e13000 	/System/Library/PrivateFrameworks/RemoteServiceDiscovery.framework/Versions/A/RemoteServiceDiscovery
0x00007ff928527000 	/System/Library/PrivateFrameworks/MSUDataAccessor.framework/Versions/A/MSUDataAccessor
0x00007ff9234ea000 	/usr/lib/libbootpolicy.dylib
0x00007ff832e2a000 	/System/Library/PrivateFrameworks/RemoteXPC.framework/Versions/A/RemoteXPC
0x00007ff93012f000 	/usr/lib/libFDR.dylib
0x00007ffa15fce000 	/usr/lib/libamsupport.dylib
0x00007ffb2e5a6000 	/System/Library/PrivateFrameworks/AppleDeviceQuerySupport.framework/Versions/A/AppleDeviceQuerySupport
0x00007ffa1903d000 	/usr/lib/libpartition2_dynamic.dylib
0x00007ff826213000 	/System/Library/PrivateFrameworks/AppleSauce.framework/Versions/A/AppleSauce
0x00007ffd3309e000 	/usr/lib/libAppleArchive.dylib
0x00007ff825ae0000 	/usr/lib/libbz2.1.0.dylib
0x00007ff81fc8c000 	/System/Library/Frameworks/Accelerate.framework/Versions/A/Frameworks/vImage.framework/Versions/A/vImage
0x00007ff82e9fc000 	/System/Library/Frameworks/Accelerate.framework/Versions/A/Frameworks/vecLib.framework/Versions/A/vecLib
0x00007ff8278f5000 	/System/Library/Frameworks/Accelerate.framework/Versions/A/Frameworks/vecLib.framework/Versions/A/libvMisc.dylib
0x00007ff816f95000 	/System/Library/Frameworks/Accelerate.framework/Versions/A/Frameworks/vecLib.framework/Versions/A/libBLAS.dylib
0x00007ff833272000 	/System/Library/Frameworks/ApplicationServices.framework/Versions/A/ApplicationServices
0x00007ff820c01000 	/System/Library/Frameworks/CoreVideo.framework/Versions/A/CoreVideo
0x00007ff81d700000 	/System/Library/Frameworks/ColorSync.framework/Versions/A/ColorSync
0x00007ff818f03000 	/System/Library/Frameworks/CoreText.framework/Versions/A/CoreText
0x00007ff82322e000 	/System/Library/Frameworks/ImageIO.framework/Versions/A/ImageIO
0x00007ff82a577000 	/System/Library/Frameworks/ApplicationServices.framework/Versions/A/Frameworks/ATS.framework/Versions/A/ATS
0x00007ff81d8ab000 	/System/Library/Frameworks/ApplicationServices.framework/Versions/A/Frameworks/HIServices.framework/Versions/A/HIServices
0x00007ff828cbf000 	/System/Library/Frameworks/ApplicationServices.framework/Versions/A/Frameworks/PrintCore.framework/Versions/A/PrintCore
0x00007ff82a92f000 	/System/Library/Frameworks/ApplicationServices.framework/Versions/A/Frameworks/QD.framework/Versions/A/QD
0x00007ff82a92b000 	/System/Library/Frameworks/ApplicationServices.framework/Versions/A/Frameworks/ColorSyncLegacy.framework/Versions/A/ColorSyncLegacy
0x00007ff82a54d000 	/System/Library/Frameworks/ApplicationServices.framework/Versions/A/Frameworks/SpeechSynthesis.framework/Versions/A/SpeechSynthesis
0x00007ff81c89e000 	/System/Library/PrivateFrameworks/SkyLight.framework/Versions/A/SkyLight
0x00007ff822c31000 	/System/Library/PrivateFrameworks/FontServices.framework/libFontParser.dylib
0x00007ff81e45b000 	/System/Library/PrivateFrameworks/BaseBoard.framework/Versions/A/BaseBoard
0x00007ff830d66000 	/System/Library/PrivateFrameworks/BoardServices.framework/Versions/A/BoardServices
0x00007ff832b49000 	/System/Library/PrivateFrameworks/BackBoardServices.framework/Versions/A/BackBoardServices
0x00007ffb30042000 	/System/Library/PrivateFrameworks/BackBoardHIDEventFoundation.framework/Versions/A/BackBoardHIDEventFoundation
0x00007ff8189ff000 	/System/Library/Frameworks/CoreDisplay.framework/Versions/A/CoreDisplay
0x00007ff8284d1000 	/System/Library/Frameworks/VideoToolbox.framework/Versions/A/VideoToolbox
0x00007ff826279000 	/System/Library/Frameworks/MetalPerformanceShaders.framework/Versions/A/MetalPerformanceShaders
0x00007ffd16b01000 	/System/Library/PrivateFrameworks/ProDisplayLibrary.framework/Versions/A/ProDisplayLibrary
0x00007ff914348000 	/System/Library/PrivateFrameworks/IOSurfaceAccelerator.framework/Versions/A/IOSurfaceAccelerator
0x00007ff822771000 	/System/Library/Frameworks/Metal.framework/Versions/A/Metal
0x00007ff822768000 	/System/Library/PrivateFrameworks/IOAccelerator.framework/Versions/A/IOAccelerator
0x00007ff822a8b000 	/System/Library/Frameworks/CoreMedia.framework/Versions/A/CoreMedia
0x00007ff81c87c000 	/System/Library/PrivateFrameworks/TCC.framework/Versions/A/TCC
0x00007ff82848a000 	/System/Library/PrivateFrameworks/WatchdogClient.framework/Versions/A/WatchdogClient
0x00007ff820367000 	/System/Library/Frameworks/QuartzCore.framework/Versions/A/QuartzCore
0x00007ff82848c000 	/System/Library/PrivateFrameworks/MultitouchSupport.framework/Versions/A/MultitouchSupport
0x00007ffa1e591000 	/usr/lib/swift/libswiftOSLog.dylib
0x00007ff924f8b000 	/usr/lib/swift/libswiftsimd.dylib
0x00007ffa163d5000 	/System/Library/PrivateFrameworks/BiomeStorage.framework/Versions/A/BiomeStorage
0x00007ffc292dd000 	/System/Library/PrivateFrameworks/IntelligencePlatformLibrary.framework/Versions/A/IntelligencePlatformLibrary
0x00007ffd15f3c000 	/System/Library/PrivateFrameworks/PoirotSchematizer.framework/Versions/A/PoirotSchematizer
0x00007ffb30a72000 	/System/Library/PrivateFrameworks/BiomeSync.framework/Versions/A/BiomeSync
0x00007ffb30103000 	/System/Library/PrivateFrameworks/BiomeDSL.framework/Versions/A/BiomeDSL
0x00007ffa2e654000 	/System/Library/PrivateFrameworks/FeatureFlags.framework/Versions/A/FeatureFlags
0x00007ffd15faa000 	/System/Library/PrivateFrameworks/PoirotUDFs.framework/Versions/A/PoirotUDFs
0x00007ffd15f11000 	/System/Library/PrivateFrameworks/PoirotSQLite.framework/Versions/A/PoirotSQLite
0x00007ff83129e000 	/System/Library/PrivateFrameworks/CoreTime.framework/Versions/A/CoreTime
0x00007ff8260c0000 	/usr/lib/libiconv.2.dylib
0x00007ff82601b000 	/usr/lib/libcharset.1.dylib
0x00007ffe14900000 	/usr/lib/swift/libswift_RegexParser.dylib
0x00007ffb31e7c000 	/System/Library/PrivateFrameworks/CascadeSets.framework/Versions/A/CascadeSets
0x00007ff82ab2d000 	/System/Library/PrivateFrameworks/CorePhoneNumbers.framework/Versions/A/CorePhoneNumbers
0x00007ff828351000 	/System/Library/PrivateFrameworks/AppleJPEG.framework/Versions/A/AppleJPEG
0x00007ff827d6a000 	/usr/lib/libexpat.1.dylib
0x00007ff828b84000 	/System/Library/Frameworks/ImageIO.framework/Versions/A/Resources/libPng.dylib
0x00007ff828bb3000 	/System/Library/Frameworks/ImageIO.framework/Versions/A/Resources/libTIFF.dylib
0x00007ff828ca8000 	/System/Library/Frameworks/ImageIO.framework/Versions/A/Resources/libGIF.dylib
0x00007ff82839d000 	/System/Library/Frameworks/ImageIO.framework/Versions/A/Resources/libJP2.dylib
0x00007ff827a6a000 	/usr/lib/libate.dylib
0x00007ff828c47000 	/System/Library/Frameworks/ImageIO.framework/Versions/A/Resources/libJPEG.dylib
0x00007ff828c3e000 	/System/Library/Frameworks/ImageIO.framework/Versions/A/Resources/libRadiance.dylib
0x00007ffc208b6000 	/System/Library/PrivateFrameworks/GPUCompiler.framework/Versions/32023/Libraries/libllvm-flatbuffers.dylib
0x00007ffc1b01d000 	/System/Library/PrivateFrameworks/FramePacing.framework/Versions/A/FramePacing
0x00007ffb1f111000 	/System/Library/Frameworks/OpenGL.framework/Versions/A/Libraries/libCoreFSCache.dylib
0x00007ffc1bf8b000 	/System/Library/PrivateFrameworks/GPUCompiler.framework/Versions/32023/Libraries/libGPUCompilerUtils.dylib
0x00007ff830e32000 	/System/Library/PrivateFrameworks/GraphicsServices.framework/Versions/A/GraphicsServices
0x00007ff92f2e1000 	/usr/lib/swift/libswiftMetal.dylib
0x00007ffa1453f000 	/usr/lib/swift/libswiftQuartzCore.dylib
0x00007ffa18e3e000 	/usr/lib/swift/libswiftUniformTypeIdentifiers.dylib
0x00007ff823570000 	/System/Library/Frameworks/CoreImage.framework/Versions/A/CoreImage
0x00007ffa2252e000 	/System/Library/PrivateFrameworks/Symbolication.framework/Versions/A/Symbolication
0x00007ffd15b37000 	/System/Library/PrivateFrameworks/PhotosensitivityProcessing.framework/Versions/A/PhotosensitivityProcessing
0x00007ffb1f11d000 	/System/Library/Frameworks/OpenGL.framework/Versions/A/OpenGL
0x00007ffb20707000 	/System/Library/Frameworks/OpenCL.framework/Versions/A/OpenCL
0x00007ff827f95000 	/System/Library/PrivateFrameworks/GraphVisualizer.framework/Versions/A/GraphVisualizer
0x00007ffb1f16f000 	/System/Library/Frameworks/OpenGL.framework/Versions/A/Libraries/libGLU.dylib
0x00007ffb1f130000 	/System/Library/Frameworks/OpenGL.framework/Versions/A/Libraries/libGFXShared.dylib
0x00007ffb1f32f000 	/System/Library/Frameworks/OpenGL.framework/Versions/A/Libraries/libGL.dylib
0x00007ffb1f139000 	/System/Library/Frameworks/OpenGL.framework/Versions/A/Libraries/libGLImage.dylib
0x00007ffb1f12d000 	/System/Library/Frameworks/OpenGL.framework/Versions/A/Libraries/libCVMSPluginSupport.dylib
0x00007ffb1f118000 	/System/Library/Frameworks/OpenGL.framework/Versions/A/Libraries/libCoreVMClient.dylib
0x00007ffc1af28000 	/System/Library/PrivateFrameworks/FontServices.framework/Versions/A/FontServices
0x00007ff827fa8000 	/System/Library/PrivateFrameworks/OTSVG.framework/Versions/A/OTSVG
0x00007ff820757000 	/System/Library/Frameworks/ApplicationServices.framework/Versions/A/Frameworks/ATS.framework/Versions/A/Resources/libFontRegistry.dylib
0x00007ffd33b2e000 	/usr/lib/libhvf.dylib
0x00007ffc32f85000 	/System/Library/PrivateFrameworks/ParsingInternal.framework/Versions/A/ParsingInternal
0x00007ffc1af2c000 	/System/Library/PrivateFrameworks/FontServices.framework/libXTFontStaticRegistryData.dylib
0x00007ff823aca000 	/System/Library/Frameworks/MetalPerformanceShaders.framework/Versions/A/Frameworks/MPSCore.framework/Versions/A/MPSCore
0x00007ff825a30000 	/System/Library/Frameworks/MetalPerformanceShaders.framework/Versions/A/Frameworks/MPSImage.framework/Versions/A/MPSImage
0x00007ff825299000 	/System/Library/Frameworks/MetalPerformanceShaders.framework/Versions/A/Frameworks/MPSNeuralNetwork.framework/Versions/A/MPSNeuralNetwork
0x00007ff8257f7000 	/System/Library/Frameworks/MetalPerformanceShaders.framework/Versions/A/Frameworks/MPSMatrix.framework/Versions/A/MPSMatrix
0x00007ff8255ad000 	/System/Library/Frameworks/MetalPerformanceShaders.framework/Versions/A/Frameworks/MPSRayIntersector.framework/Versions/A/MPSRayIntersector
0x00007ff825836000 	/System/Library/Frameworks/MetalPerformanceShaders.framework/Versions/A/Frameworks/MPSNDArray.framework/Versions/A/MPSNDArray
0x00007ffb25966000 	/System/Library/Frameworks/MetalPerformanceShaders.framework/Versions/A/Frameworks/MPSFunctions.framework/Versions/A/MPSFunctions
0x00007ffb25946000 	/System/Library/Frameworks/MetalPerformanceShaders.framework/Versions/A/Frameworks/MPSBenchmarkLoop.framework/Versions/A/MPSBenchmarkLoop
0x00007ff816da2000 	/System/Library/PrivateFrameworks/MetalTools.framework/Versions/A/MetalTools
0x00007ff926784000 	/System/Library/PrivateFrameworks/IOAccelMemoryInfo.framework/Versions/A/IOAccelMemoryInfo
0x00007ffa1494a000 	/System/Library/PrivateFrameworks/kperf.framework/Versions/A/kperf
0x00007ff9212d4000 	/System/Library/PrivateFrameworks/GPURawCounter.framework/Versions/A/GPURawCounter
0x00007ff831180000 	/System/Library/PrivateFrameworks/CoreSymbolication.framework/Versions/A/CoreSymbolication
0x00007ff921251000 	/System/Library/PrivateFrameworks/MallocStackLogging.framework/Versions/A/MallocStackLogging
0x00007ff831161000 	/System/Library/PrivateFrameworks/DebugSymbols.framework/Versions/A/DebugSymbols
0x00007ff9331f4000 	/System/Library/PrivateFrameworks/OSAnalytics.framework/Versions/A/OSAnalytics
0x00007ffc19120000 	/System/Library/PrivateFrameworks/DeviceRecovery.framework/Versions/A/DeviceRecovery
0x00007ffb239c1000 	/System/Library/Frameworks/ExtensionFoundation.framework/Versions/A/ExtensionFoundation
0x00007ff827fee000 	/System/Library/PrivateFrameworks/AppServerSupport.framework/Versions/A/AppServerSupport
0x00007ff827dee000 	/System/Library/PrivateFrameworks/IconServices.framework/Versions/A/IconServices
0x00007ff827c5a000 	/System/Library/PrivateFrameworks/PlugInKit.framework/Versions/A/PlugInKit
0x00007ff82511a000 	/System/Library/PrivateFrameworks/AssertionServices.framework/Versions/A/AssertionServices
0x00007ffa18e4d000 	/usr/lib/swift/libswiftAccelerate.dylib
0x00007ff827d8f000 	/System/Library/PrivateFrameworks/IconFoundation.framework/Versions/A/IconFoundation
0x00007ffc26760000 	/System/Library/PrivateFrameworks/IconRendering.framework/Versions/A/IconRendering
0x00007ff8207a4000 	/System/Library/PrivateFrameworks/CoreUI.framework/Versions/A/CoreUI
0x00007ffd187a7000 	/System/Library/PrivateFrameworks/SFSymbols.framework/Versions/A/SFSymbols
0x00007ffb238a2000 	/System/Library/Frameworks/DeveloperToolsSupport.framework/Versions/A/DeveloperToolsSupport
0x00007ff9187c0000 	/System/Library/PrivateFrameworks/RenderBox.framework/Versions/A/RenderBox
0x00007ff8231f3000 	/System/Library/PrivateFrameworks/CoreSVG.framework/Versions/A/CoreSVG
0x00007ff828d32000 	/System/Library/PrivateFrameworks/TextureIO.framework/Versions/A/TextureIO
0x00007ff92133f000 	/usr/lib/swift/libswiftCoreImage.dylib
0x00007ff828c79000 	/System/Library/Frameworks/ApplicationServices.framework/Versions/A/Frameworks/ATSUI.framework/Versions/A/ATSUI
0x00007ff82a2f0000 	/System/Library/Frameworks/AudioToolbox.framework/Versions/A/AudioToolbox
0x00007ff818b2d000 	/System/Library/PrivateFrameworks/AudioToolboxCore.framework/Versions/A/AudioToolboxCore
0x00007ff82a4bb000 	/System/Library/PrivateFrameworks/AudioSession.framework/Versions/A/AudioSession
0x00007ff835cf2000 	/System/Library/Frameworks/CoreMIDI.framework/Versions/A/CoreMIDI
0x00007ff82a535000 	/usr/lib/libAudioStatistics.dylib
0x00007ff822a66000 	/System/Library/PrivateFrameworks/caulk.framework/Versions/A/caulk
0x00007ff819146000 	/System/Library/Frameworks/CoreAudio.framework/Versions/A/CoreAudio
0x00007ff828b62000 	/usr/lib/libAudioToolboxUtility.dylib
0x00007ff9212d8000 	/usr/lib/swift/libswiftCoreAudio.dylib
0x00007ff927dac000 	/usr/lib/swift/libswiftCoreMIDI.dylib
0x00007ff82a939000 	/System/Library/PrivateFrameworks/perfdata.framework/Versions/A/perfdata
0x00007ff92035a000 	/System/Library/PrivateFrameworks/SystemPolicy.framework/Versions/A/SystemPolicy
0x00007ff82a7dc000 	/usr/lib/libSMC.dylib
0x00007ff82a947000 	/usr/lib/libperfcheck.dylib
0x00007ffb2fb51000 	/System/Library/PrivateFrameworks/AudioAnalytics.framework/Versions/A/AudioAnalytics
0x00007ffe148c9000 	/usr/lib/swift/libswift_DarwinFoundation2.dylib
0x00007ffe148ca000 	/usr/lib/swift/libswift_DarwinFoundation3.dylib
0x00007ffa26b31000 	/System/Library/Frameworks/OSLog.framework/Versions/A/OSLog
0x00007ff921281000 	/usr/lib/libmis.dylib
0x00007ff827eb1000 	/System/Library/PrivateFrameworks/MediaExperience.framework/Versions/A/MediaExperience
0x00007ff82a2a0000 	/System/Library/PrivateFrameworks/AudioSession.framework/libSessionUtility.dylib
0x00007ff828cae000 	/System/Library/PrivateFrameworks/CMCaptureCore.framework/Versions/A/CMCaptureCore
0x00007ff827ffc000 	/usr/lib/libspindump.dylib
0x00007ff82f9ae000 	/System/Library/Frameworks/CoreBluetooth.framework/Versions/A/CoreBluetooth
0x00007ff824f8d000 	/System/Library/PrivateFrameworks/CoreUtils.framework/Versions/A/CoreUtils
0x00007ff9194da000 	/System/Library/PrivateFrameworks/HID.framework/Versions/A/HID
0x00007ffc186bb000 	/System/Library/PrivateFrameworks/CoreUtilsExtras.framework/Versions/A/CoreUtilsExtras
0x00007ffc266bd000 	/System/Library/PrivateFrameworks/IO80211.framework/Versions/A/IO80211
0x00007ff82c26c000 	/System/Library/Frameworks/IOBluetooth.framework/Versions/A/IOBluetooth
0x00007ff92f2ee000 	/usr/lib/swift/libswiftCompression.dylib
0x00007ffb2f78b000 	/System/Library/PrivateFrameworks/ArgumentParserInternal.framework/Versions/A/ArgumentParserInternal
0x00007ff827b00000 	/usr/lib/libIOReport.dylib
0x00007ff825127000 	/System/Library/Frameworks/SecurityFoundation.framework/Versions/A/SecurityFoundation
0x00007ff8171fe000 	/System/Library/PrivateFrameworks/Lexicon.framework/Versions/A/Lexicon
0x00007ff830c86000 	/System/Library/PrivateFrameworks/FrontBoardServices.framework/Versions/A/FrontBoardServices
0x00007ff825280000 	/usr/lib/libgermantok.dylib
0x00007ff823ca9000 	/System/Library/PrivateFrameworks/LinguisticData.framework/Versions/A/LinguisticData
0x00007ff82fbb7000 	/System/Library/PrivateFrameworks/MediaKit.framework/Versions/A/MediaKit
0x00007ff82fb11000 	/System/Library/Frameworks/DiscRecording.framework/Versions/A/DiscRecording
0x00007ff827d86000 	/usr/lib/libheimdal-asn1.dylib
0x00007ff83375a000 	/System/Library/Frameworks/AudioUnit.framework/Versions/A/AudioUnit
0x00007ff820a76000 	/System/Library/Frameworks/OpenDirectory.framework/Versions/A/OpenDirectory
0x00007ff820a82000 	/System/Library/Frameworks/OpenDirectory.framework/Versions/A/Frameworks/CFOpenDirectory.framework/Versions/A/CFOpenDirectory
0x00007ffb22190000 	/System/Library/Frameworks/AVFAudio.framework/Versions/A/AVFAudio
0x00007ff91a42c000 	/usr/lib/libAccessibility.dylib
0x00007ffc29df6000 	/System/Library/PrivateFrameworks/IsolatedCoreAudioClient.framework/Versions/A/IsolatedCoreAudioClient
0x00007ffa1cd91000 	/usr/lib/swift/libswiftCoreMedia.dylib
0x00007ffd25480000 	/System/Library/PrivateFrameworks/Tightbeam.framework/Versions/A/Tightbeam
0x00007ffc14748000 	/System/Library/PrivateFrameworks/CoreAudioOrchestration.framework/Versions/A/CoreAudioOrchestration
0x00007ffa194f7000 	/System/Library/PrivateFrameworks/AFKUser.framework/Versions/A/AFKUser
0x00007ff82ece6000 	/System/Library/Frameworks/MediaAccessibility.framework/Versions/A/MediaAccessibility
0x00007ffd29355000 	/System/Library/PrivateFrameworks/VideoToolboxParavirtualizationSupport.framework/Versions/A/VideoToolboxParavirtualizationSupport
0x00007ff827d1c000 	/System/Library/PrivateFrameworks/AppleVA.framework/Versions/A/AppleVA
0x00007ff828c37000 	/System/Library/PrivateFrameworks/GPUWrangler.framework/Versions/A/GPUWrangler
0x00007ff828c1b000 	/System/Library/PrivateFrameworks/IOPresentment.framework/Versions/A/IOPresentment
0x00007ff828c41000 	/System/Library/PrivateFrameworks/DSExternalDisplay.framework/Versions/A/DSExternalDisplay
0x00007ffb2f5ed000 	/System/Library/PrivateFrameworks/AppleMobileFileIntegrity.framework/Versions/A/AppleMobileFileIntegrity
0x00007ffd33543000 	/usr/lib/libTLE.dylib
0x00007ffb171e9000 	/System/Library/PrivateFrameworks/ConfigProfileHelper.framework/Versions/A/ConfigProfileHelper
0x00007ffa2c777000 	/usr/lib/libedit.3.dylib
0x00007ffc2b133000 	/System/Library/PrivateFrameworks/MIL.framework/Versions/A/MIL
0x00007ff926749000 	/usr/lib/libncurses.5.4.dylib
0x00007ff824ec9000 	/System/Library/PrivateFrameworks/CoreEmoji.framework/Versions/A/CoreEmoji
0x00007ff817568000 	/usr/lib/libCRFSuite.dylib
0x00007ff823b99000 	/System/Library/PrivateFrameworks/CoreNLP.framework/Versions/A/CoreNLP
0x00007ff825225000 	/usr/lib/libmecab.dylib
0x00007ff82620b000 	/usr/lib/libThaiTokenizer.dylib
0x00007ff8290f9000 	/System/Library/PrivateFrameworks/DataDetectorsCore.framework/Versions/A/DataDetectorsCore
0x00007ffb23890000 	/System/Library/Frameworks/DataDetection.framework/Versions/A/DataDetection
0x00007ff9251b8000 	/System/Library/PrivateFrameworks/TextInput.framework/Versions/A/TextInput
0x00007ffa26fe2000 	/System/Library/PrivateFrameworks/HIDDisplay.framework/Versions/A/HIDDisplay
0x00007ff82a8bd000 	/usr/lib/libcups.2.dylib
0x00007ff82a956000 	/System/Library/Frameworks/Kerberos.framework/Versions/A/Kerberos
0x00007ff82a5ba000 	/usr/lib/libresolv.9.dylib
0x00007ff828003000 	/System/Library/PrivateFrameworks/Heimdal.framework/Versions/A/Heimdal
0x00007ff833759000 	/System/Library/Frameworks/Kerberos.framework/Versions/A/Libraries/libHeimdalProxy.dylib
0x00007ff82a9ae000 	/System/Library/PrivateFrameworks/CommonAuth.framework/Versions/A/CommonAuth
0x00007ff91a345000 	/System/Library/PrivateFrameworks/AXCoreUtilities.framework/Versions/A/AXCoreUtilities
0x00007ff92a04f000 	/System/Library/PrivateFrameworks/AttributeGraph.framework/Versions/A/AttributeGraph
0x00007ffd32fbb000 	/usr/lib/libAXSafeCategoryBundle.dylib
0x00007ff824cfa000 	/System/Library/Frameworks/Accelerate.framework/Versions/A/Frameworks/vecLib.framework/Versions/A/libvDSP.dylib
0x00007ff826368000 	/System/Library/Frameworks/Accelerate.framework/Versions/A/Frameworks/vecLib.framework/Versions/A/libLAPACK.dylib
0x00007ff825283000 	/System/Library/Frameworks/Accelerate.framework/Versions/A/Frameworks/vecLib.framework/Versions/A/libLinearAlgebra.dylib
0x00007ff82624f000 	/System/Library/Frameworks/Accelerate.framework/Versions/A/Frameworks/vecLib.framework/Versions/A/libSparseBLAS.dylib
0x00007ff826362000 	/System/Library/Frameworks/Accelerate.framework/Versions/A/Frameworks/vecLib.framework/Versions/A/libQuadrature.dylib
0x00007ff823cb0000 	/System/Library/Frameworks/Accelerate.framework/Versions/A/Frameworks/vecLib.framework/Versions/A/libBNNS.dylib
0x00007ff81730b000 	/System/Library/Frameworks/Accelerate.framework/Versions/A/Frameworks/vecLib.framework/Versions/A/libSparse.dylib
0x00007ffb2342c000 	/System/Library/Frameworks/CoreTransferable.framework/Versions/A/CoreTransferable
0x00007ff82a920000 	/System/Library/PrivateFrameworks/NetAuth.framework/Versions/A/NetAuth
0x00007ff820c76000 	/System/Library/PrivateFrameworks/login.framework/Versions/A/Frameworks/loginsupport.framework/Versions/A/loginsupport
0x00007ff81bc48000 	/System/Library/PrivateFrameworks/UIFoundation.framework/Versions/A/UIFoundation
0x00007ff8251f3000 	/usr/lib/libCheckFix.dylib
0x00007ff81fb98000 	/System/Library/PrivateFrameworks/MetadataUtilities.framework/Versions/A/MetadataUtilities
0x00007ffc2707a000 	/System/Library/PrivateFrameworks/InstalledContentLibrary.framework/Versions/A/InstalledContentLibrary
0x00007ff81a2d5000 	/System/Library/PrivateFrameworks/CoreServicesStore.framework/Versions/A/CoreServicesStore
0x00007ff820ad3000 	/usr/lib/libapp_launch_measurement.dylib
0x00007ffa14a48000 	/System/Library/PrivateFrameworks/MobileSystemServices.framework/Versions/A/MobileSystemServices
0x00007ff8278c4000 	/usr/lib/libxslt.1.dylib
0x00007ff8251b6000 	/System/Library/PrivateFrameworks/BackgroundTaskManagement.framework/Versions/A/BackgroundTaskManagement
0x00007ff832ed9000 	/usr/lib/libcurl.4.dylib
0x00007ffd338db000 	/usr/lib/libcrypto.46.dylib
0x00007ffe143cb000 	/usr/lib/libssl.48.dylib
0x00007ff832bb9000 	/System/Library/Frameworks/LDAP.framework/Versions/A/LDAP
0x00007ff832bf4000 	/System/Library/PrivateFrameworks/TrustEvaluationAgent.framework/Versions/A/TrustEvaluationAgent
0x00007ff82a5d7000 	/usr/lib/libsasl2.2.dylib
0x00007ff835f06000 	/System/Library/Frameworks/Cocoa.framework/Versions/A/Cocoa
0x00007ff81a44d000 	/System/Library/Frameworks/AppKit.framework/Versions/C/AppKit
0x00007ffb32f53000 	/System/Library/PrivateFrameworks/CollectionViewCore.framework/Versions/A/CollectionViewCore
0x00007ff8231ee000 	/System/Library/PrivateFrameworks/XCTTargetBootstrap.framework/Versions/A/XCTTargetBootstrap
0x00007ff829142000 	/System/Library/PrivateFrameworks/UserActivity.framework/Versions/A/UserActivity
0x00007ffc1b02a000 	/System/Library/PrivateFrameworks/FrontBoard.framework/Versions/A/FrontBoard
0x00007ffd271a6000 	/System/Library/PrivateFrameworks/UIIntelligenceSupport.framework/Versions/A/UIIntelligenceSupport
0x00007ffb28add000 	/System/Library/Frameworks/SwiftUICore.framework/Versions/A/SwiftUICore
0x00007ffd2d0a2000 	/System/Library/PrivateFrameworks/WritingTools.framework/Versions/A/WritingTools
0x00007ffd2c036000 	/System/Library/PrivateFrameworks/WindowManagement.framework/Versions/A/WindowManagement
0x00007ffc1ad83000 	/System/Library/PrivateFrameworks/FocusEngine.framework/Versions/A/FocusEngine
0x00007ffc18cf1000 	/System/Library/PrivateFrameworks/DesignLibrary.framework/Versions/A/DesignLibrary
0x00007ff8231db000 	/System/Library/PrivateFrameworks/DFRFoundation.framework/Versions/A/DFRFoundation
0x00007ffd27c94000 	/System/Library/PrivateFrameworks/UpdateCycle.framework/Versions/A/UpdateCycle
0x00007ff822efc000 	/System/Library/Frameworks/Carbon.framework/Versions/A/Frameworks/HIToolbox.framework/Versions/A/HIToolbox
0x00007ff82e60c000 	/System/Library/Frameworks/Carbon.framework/Versions/A/Frameworks/SpeechRecognition.framework/Versions/A/SpeechRecognition
0x00007ff820a6b000 	/System/Library/PrivateFrameworks/PerformanceAnalysis.framework/Versions/A/PerformanceAnalysis
0x00007ff82e99d000 	/System/Library/Frameworks/Accessibility.framework/Versions/A/Accessibility
0x00007ffb299d3000 	/System/Library/Frameworks/Symbols.framework/Versions/A/Symbols
0x00007ffc23b6f000 	/System/Library/PrivateFrameworks/Gestures.framework/Versions/A/Gestures
0x00007ff91e3fd000 	/usr/lib/swift/libswiftCoreGraphics.dylib
0x00007ff82f3ac000 	/usr/lib/swift/libswiftFoundation.dylib
0x00007ffb16bbd000 	/usr/lib/swift/libswiftSwiftOnoneSupport.dylib
0x00007ffe14a35000 	/usr/lib/swift/libswiftsys_time.dylib
0x00007ffa22c55000 	/System/Library/PrivateFrameworks/CoreMaterial.framework/Versions/A/CoreMaterial
0x00007ffe14774000 	/usr/lib/swift/libswiftSpatial.dylib
0x00007ffd33542000 	/usr/lib/libSpatial.dylib
0x00007ffd32ed2000 	/System/Library/SubFrameworks/UIUtilities.framework/Versions/A/UIUtilities
0x00000001117b0000 	/usr/local/Cellar/openjdk/23.0.2/libexec/openjdk.jdk/Contents/Home/lib/server/libjvm.dylib
0x0000000108024000 	/usr/local/Cellar/openjdk/23.0.2/libexec/openjdk.jdk/Contents/Home/lib/libjimage.dylib
0x0000000108045000 	/usr/local/Cellar/openjdk/23.0.2/libexec/openjdk.jdk/Contents/Home/lib/libinstrument.dylib
0x0000000108080000 	/usr/local/Cellar/openjdk/23.0.2/libexec/openjdk.jdk/Contents/Home/lib/libjava.dylib
0x0000000108068000 	/usr/local/Cellar/openjdk/23.0.2/libexec/openjdk.jdk/Contents/Home/lib/libzip.dylib
0x0000000108357000 	/usr/local/Cellar/openjdk/23.0.2/libexec/openjdk.jdk/Contents/Home/lib/libnio.dylib
0x000000010836f000 	/usr/local/Cellar/openjdk/23.0.2/libexec/openjdk.jdk/Contents/Home/lib/libnet.dylib
0x0000000108382000 	/usr/local/Cellar/openjdk/23.0.2/libexec/openjdk.jdk/Contents/Home/lib/libverify.dylib
0x000000010805f000 	/Users/user/.gradle/native/1def1411415f61bf3af743bc5b6707747c0891f09f0c88961ee8f79bc544acac/osx-amd64/libnative-platform.dylib
0x0000000108408000 	/Users/user/.gradle/native/0.2.5/x86_64-macos/libgradle-fileevents.dylib
0x0000000108395000 	/usr/local/Cellar/openjdk/23.0.2/libexec/openjdk.jdk/Contents/Home/lib/libmanagement.dylib
0x00000001083a2000 	/usr/local/Cellar/openjdk/23.0.2/libexec/openjdk.jdk/Contents/Home/lib/libmanagement_ext.dylib
0x0000000108349000 	/usr/local/Cellar/openjdk/23.0.2/libexec/openjdk.jdk/Contents/Home/lib/libextnet.dylib
0x00000001084ef000 	/private/var/folders/5c/pl4fssc162ggjsfcy9w531800000gn/T/native-platform7574392397673059561dir/libgradle-fileevents.dylib


VM Arguments:
jvm_args: --add-opens=java.base/java.lang=ALL-UNNAMED --add-opens=java.base/java.lang.invoke=ALL-UNNAMED --add-opens=java.base/java.util=ALL-UNNAMED --add-opens=java.prefs/java.util.prefs=ALL-UNNAMED --add-exports=jdk.compiler/com.sun.tools.javac.api=ALL-UNNAMED --add-exports=jdk.compiler/com.sun.tools.javac.util=ALL-UNNAMED --add-opens=java.base/java.util=ALL-UNNAMED --add-opens=java.prefs/java.util.prefs=ALL-UNNAMED --add-opens=java.base/java.nio.charset=ALL-UNNAMED --add-opens=java.base/java.net=ALL-UNNAMED --add-opens=java.base/java.util.concurrent.atomic=ALL-UNNAMED --add-opens=java.xml/javax.xml.namespace=ALL-UNNAMED -XX:MaxMetaspaceSize=512m -Xmx4096m -Dfile.encoding=UTF-8 -Duser.country=IN -Duser.language=en -Duser.variant -javaagent:/Users/user/.gradle/wrapper/dists/gradle-8.12-all/ejduaidbjup3bmmkhw3rie4zb/gradle-8.12/lib/agents/gradle-instrumentation-agent-8.12.jar 
java_command: org.gradle.launcher.daemon.bootstrap.GradleDaemon 8.12
java_class_path (initial): /Users/user/.gradle/wrapper/dists/gradle-8.12-all/ejduaidbjup3bmmkhw3rie4zb/gradle-8.12/lib/gradle-daemon-main-8.12.jar
Launcher Type: SUN_STANDARD

[Global flags]
     intx CICompilerCount                          = 12                                        {product} {ergonomic}
   size_t CompressedClassSpaceSize                 = 436207616                                 {product} {ergonomic}
     uint ConcGCThreads                            = 3                                         {product} {ergonomic}
     uint G1ConcRefinementThreads                  = 13                                        {product} {ergonomic}
   size_t G1HeapRegionSize                         = 2097152                                   {product} {ergonomic}
   size_t InitialHeapSize                          = 268435456                                 {product} {ergonomic}
   size_t MarkStackSize                            = 4194304                                   {product} {ergonomic}
   size_t MarkStackSizeMax                         = 536870912                                 {product} {ergonomic}
   size_t MaxHeapSize                              = 4294967296                                {product} {command line}
   size_t MaxMetaspaceSize                         = 536870912                                 {product} {command line}
   size_t MaxNewSize                               = 2575302656                                {product} {ergonomic}
   size_t MinHeapDeltaBytes                        = 2097152                                   {product} {ergonomic}
   size_t MinHeapSize                              = 8388608                                   {product} {ergonomic}
    uintx NonNMethodCodeHeapSize                   = 7602176                                {pd product} {ergonomic}
    uintx NonProfiledCodeHeapSize                  = 122032128                              {pd product} {ergonomic}
    uintx ProfiledCodeHeapSize                     = 122023936                              {pd product} {ergonomic}
    uintx ReservedCodeCacheSize                    = 251658240                              {pd product} {ergonomic}
     bool SegmentedCodeCache                       = true                                      {product} {ergonomic}
   size_t SoftMaxHeapSize                          = 4294967296                             {manageable} {ergonomic}
     bool UseCompressedOops                        = true                           {product lp64_product} {ergonomic}
     bool UseG1GC                                  = true                                      {product} {ergonomic}
     bool UseNUMA                                  = false                                     {product} {ergonomic}
     bool UseNUMAInterleaving                      = false                                     {product} {ergonomic}

Logging:
Log output configuration:
 #0: stdout all=warning uptime,level,tags foldmultilines=false
 #1: stderr all=off uptime,level,tags foldmultilines=false

Environment Variables:
JAVA_HOME=/usr/local/Cellar/openjdk/23.0.2/libexec/openjdk.jdk/Contents/Home
PATH=/Users/user/Documents/Projects/Evnzo/evanzoApp/node_modules/.bin:/Users/user/Documents/Projects/Evnzo/node_modules/.bin:/Users/user/Documents/Projects/node_modules/.bin:/Users/user/Documents/node_modules/.bin:/Users/user/node_modules/.bin:/Users/node_modules/.bin:/node_modules/.bin:/usr/local/Cellar/node@22/22.18.0/lib/node_modules/npm/node_modules/@npmcli/run-script/lib/node-gyp-bin:/Library/Frameworks/Python.framework/Versions/3.12/bin:/Users/user/.rbenv/shims:/Users/user/.rbenv/shims:/usr/local/bin:/usr/local/sbin:/Users/user/Library/Application Support/Code/User/globalStorage/github.copilot-chat/debugCommand:/Users/user/Library/Application Support/Code/User/globalStorage/github.copilot-chat/copilotCli:/Users/user/.rbenv/shims:/System/Cryptexes/App/usr/bin:/usr/bin:/bin:/usr/sbin:/sbin:/var/run/com.apple.security.cryptexd/codex.system/bootstrap/usr/local/bin:/var/run/com.apple.security.cryptexd/codex.system/bootstrap/usr/bin:/var/run/com.apple.security.cryptexd/codex.system/bootstrap/usr/appleinternal/bin:/opt/pmk/env/global/bin:/Library/Apple/usr/bin:/Library/Frameworks/Python.framework/Versions/3.12/bin:/Users/user/Library/Android/sdk/emulator:/Users/user/Library/Android/sdk/platform-tools:/Users/user/Library/Android/sdk/tools:/Users/user/Library/Android/sdk/tools/bin:/Users/user/Library/Android/sdk/cmdline-tools/latest/bin:/Users/user/.vscode/extensions/vscjava.vscode-java-debug-0.59.0/bundled/scripts/noConfigScripts:/Users/user/.vscode/extensions/ms-python.debugpy-2026.6.0-darwin-x64/bundled/scripts/noConfigScripts:/Users/user/Library/Android/sdk/emulator:/Users/user/Library/Android/sdk/platform-tools:/Users/user/Library/Android/sdk/tools:/Users/user/Library/Android/sdk/tools/bin:/Users/user/Library/Android/sdk/cmdline-tools/latest/bin
SHELL=/bin/zsh
LANG=C.UTF-8
TERM=xterm-256color
TMPDIR=/var/folders/5c/pl4fssc162ggjsfcy9w531800000gn/T/

Active Locale:
LC_ALL=C.UTF-8
LC_COLLATE=C.UTF-8
LC_CTYPE=C.UTF-8
LC_MESSAGES=C.UTF-8
LC_MONETARY=C.UTF-8
LC_NUMERIC=C.UTF-8
LC_TIME=C.UTF-8

Signal Handlers:
   SIGSEGV: crash_handler in libjvm.dylib, mask=11100110000111110111111111111111, flags=SA_ONSTACK|SA_RESTART|SA_SIGINFO, unblocked
    SIGBUS: crash_handler in libjvm.dylib, mask=11100110000111110111111111111111, flags=SA_RESTART|SA_SIGINFO, unblocked
    SIGFPE: crash_handler in libjvm.dylib, mask=11100110000111110111111111111111, flags=SA_RESTART|SA_SIGINFO, unblocked
   SIGPIPE: javaSignalHandler in libjvm.dylib, mask=11100110000111110111111111111111, flags=SA_RESTART|SA_SIGINFO, blocked
   SIGXFSZ: javaSignalHandler in libjvm.dylib, mask=11100110000111110111111111111111, flags=SA_RESTART|SA_SIGINFO, blocked
    SIGILL: crash_handler in libjvm.dylib, mask=11100110000111110111111111111111, flags=SA_RESTART|SA_SIGINFO, unblocked
   SIGUSR2: SR_handler in libjvm.dylib, mask=00000000000000000000000000000000, flags=SA_RESTART|SA_SIGINFO, blocked
    SIGHUP: UserHandler in libjvm.dylib, mask=11100110000111110111111111111111, flags=SA_RESTART|SA_SIGINFO, blocked
    SIGINT: UserHandler in libjvm.dylib, mask=11100110000111110111111111111111, flags=SA_RESTART|SA_SIGINFO, blocked
   SIGTERM: UserHandler in libjvm.dylib, mask=11100110000111110111111111111111, flags=SA_RESTART|SA_SIGINFO, blocked
   SIGQUIT: UserHandler in libjvm.dylib, mask=11100110000111110111111111111111, flags=SA_RESTART|SA_SIGINFO, blocked
   SIGTRAP: crash_handler in libjvm.dylib, mask=11100110000111110111111111111111, flags=SA_RESTART|SA_SIGINFO, unblocked


Periodic native trim disabled

---------------  S Y S T E M  ---------------

OS:
uname: Darwin 25.2.0 Darwin Kernel Version 25.2.0: Tue Nov 18 21:09:34 PST 2025; root:xnu-12377.61.12~1/RELEASE_X86_64 x86_64
OS uptime: 0 days 0:09 hours
rlimit (soft/hard): STACK 8192k/65532k , CORE 0k/infinity , NPROC 2784/4176 , NOFILE 2147483647/infinity , AS infinity/infinity , CPU infinity/infinity , DATA infinity/infinity , FSIZE infinity/infinity , MEMLOCK infinity/infinity , RSS infinity/infinity
load average: 18.11 24.06 15.26

CPU: total 16 (initial active 16) (8 cores per cpu, 2 threads per core) family 6 model 158 stepping 13 microcode 0x104, cx8, cmov, fxsr, ht, mmx, 3dnowpref, sse, sse2, sse3, ssse3, sse4.1, sse4.2, popcnt, lzcnt, tsc, tscinvbit, avx, avx2, aes, erms, clmul, bmi1, bmi2, adx, fma, vzeroupper, clflush, clflushopt, rdtscp, f16c
machdep.cpu.brand_string:Intel(R) Core(TM) i9-9880H CPU @ 2.30GHz
hw.cpufrequency:2300000000
hw.cpufrequency_min:2300000000
hw.cpufrequency_max:2300000000
hw.cachelinesize:64
hw.l1icachesize:32768
hw.l1dcachesize:32768
hw.l2cachesize:262144
hw.l3cachesize:16777216

Memory: 4k page, physical 16777216k(336760k free), swap 2097152k(1192192k free)

vm_info: OpenJDK 64-Bit Server VM (23.0.2) for bsd-amd64 JRE (23.0.2), built on 2024-11-29T08:15:42Z with clang Apple LLVM 16.0.0 (clang-1600.0.26.6)

END.
